metaPropertiesEnsemble=MetaPropertiesEnsemble(metadataLogDir=Optional.empty, dirs={/var/lib/kafka/data/logs: MetaProperties(version=1, clusterId=MkU3OEVBNTcwNTJENDM2Qk, nodeId=0, directoryId=wMy22utBrLK9FU8Xi6N7Vw)})
All of the log directories are already formatted.
[2026-05-29 20:22:11,700] INFO Registered kafka:type=kafka.Log4jController MBean (kafka.utils.Log4jControllerRegistration$)
[2026-05-29 20:22:12,168] INFO Setting -D jdk.tls.rejectClientInitiatedRenegotiation=true to disable client-initiated TLS renegotiation (org.apache.zookeeper.common.X509Util)
[2026-05-29 20:22:12,395] INFO Registered signal handlers for TERM, INT, HUP (org.apache.kafka.common.utils.LoggingSignalHandler)
[2026-05-29 20:22:12,398] INFO [ControllerServer id=0] Starting controller (kafka.server.ControllerServer)
[2026-05-29 20:22:12,988] INFO Updated connection-accept-rate max connection creation rate to 2147483647 (kafka.network.ConnectionQuotas)
[2026-05-29 20:22:13,022] INFO [SocketServer listenerType=CONTROLLER, nodeId=0] Created data-plane acceptor and processors for endpoint : ListenerName(CONTROLLER) (kafka.network.SocketServer)
[2026-05-29 20:22:13,075] INFO authorizerStart completed for endpoint CONTROLLER. Endpoint is now READY. (org.apache.kafka.server.network.EndpointReadyFutures)
[2026-05-29 20:22:13,075] INFO [SharedServer id=0] Starting SharedServer (kafka.server.SharedServer)
[2026-05-29 20:22:13,186] INFO [LogLoader partition=__cluster_metadata-0, dir=/var/lib/kafka/data/logs] Recovering unflushed segment 0. 0/1 recovered for __cluster_metadata-0. (kafka.log.LogLoader)
[2026-05-29 20:22:13,189] INFO [LogLoader partition=__cluster_metadata-0, dir=/var/lib/kafka/data/logs] Loading producer state till offset 0 with message format version 2 (kafka.log.UnifiedLog$)
[2026-05-29 20:22:13,190] INFO [LogLoader partition=__cluster_metadata-0, dir=/var/lib/kafka/data/logs] Reloading from producer snapshot and rebuilding producer state from offset 0 (kafka.log.UnifiedLog$)
[2026-05-29 20:22:13,193] INFO Deleted producer state snapshot /var/lib/kafka/data/logs/__cluster_metadata-0/00000000000000316722.snapshot (org.apache.kafka.storage.internals.log.SnapshotFile)
[2026-05-29 20:22:13,193] INFO Deleted producer state snapshot /var/lib/kafka/data/logs/__cluster_metadata-0/00000000000000347801.snapshot (org.apache.kafka.storage.internals.log.SnapshotFile)
[2026-05-29 20:22:13,193] INFO [LogLoader partition=__cluster_metadata-0, dir=/var/lib/kafka/data/logs] Producer state recovery took 3ms for snapshot load and 0ms for segment recovery from offset 0 (kafka.log.UnifiedLog$)
[2026-05-29 20:22:14,945] INFO [ProducerStateManager partition=__cluster_metadata-0] Wrote producer snapshot at offset 347801 with 0 producer ids in 4 ms. (org.apache.kafka.storage.internals.log.ProducerStateManager)
[2026-05-29 20:22:14,956] INFO [LogLoader partition=__cluster_metadata-0, dir=/var/lib/kafka/data/logs] Loading producer state till offset 347801 with message format version 2 (kafka.log.UnifiedLog$)
[2026-05-29 20:22:14,956] INFO [LogLoader partition=__cluster_metadata-0, dir=/var/lib/kafka/data/logs] Reloading from producer snapshot and rebuilding producer state from offset 347801 (kafka.log.UnifiedLog$)
[2026-05-29 20:22:14,957] INFO [ProducerStateManager partition=__cluster_metadata-0] Loading producer state from snapshot file 'SnapshotFile(offset=347801, file=/var/lib/kafka/data/logs/__cluster_metadata-0/00000000000000347801.snapshot)' (org.apache.kafka.storage.internals.log.ProducerStateManager)
[2026-05-29 20:22:14,959] INFO [LogLoader partition=__cluster_metadata-0, dir=/var/lib/kafka/data/logs] Producer state recovery took 3ms for snapshot load and 0ms for segment recovery from offset 347801 (kafka.log.UnifiedLog$)
[2026-05-29 20:22:14,991] INFO Initialized snapshots with IDs SortedSet(OffsetAndEpoch(offset=8725, epoch=3), OffsetAndEpoch(offset=20311, epoch=4), OffsetAndEpoch(offset=27508, epoch=4), OffsetAndEpoch(offset=34781, epoch=4), OffsetAndEpoch(offset=41979, epoch=4), OffsetAndEpoch(offset=49254, epoch=4), OffsetAndEpoch(offset=56454, epoch=4), OffsetAndEpoch(offset=63652, epoch=4), OffsetAndEpoch(offset=70850, epoch=4), OffsetAndEpoch(offset=78048, epoch=4), OffsetAndEpoch(offset=85215, epoch=4), OffsetAndEpoch(offset=92412, epoch=4), OffsetAndEpoch(offset=99609, epoch=4), OffsetAndEpoch(offset=106806, epoch=4), OffsetAndEpoch(offset=114004, epoch=4), OffsetAndEpoch(offset=121197, epoch=4), OffsetAndEpoch(offset=128394, epoch=4), OffsetAndEpoch(offset=135584, epoch=4), OffsetAndEpoch(offset=142811, epoch=4), OffsetAndEpoch(offset=149994, epoch=4), OffsetAndEpoch(offset=157192, epoch=4), OffsetAndEpoch(offset=164390, epoch=4), OffsetAndEpoch(offset=171588, epoch=4), OffsetAndEpoch(offset=178786, epoch=4), OffsetAndEpoch(offset=185984, epoch=4), OffsetAndEpoch(offset=193164, epoch=4), OffsetAndEpoch(offset=200347, epoch=4), OffsetAndEpoch(offset=207545, epoch=4), OffsetAndEpoch(offset=214739, epoch=4), OffsetAndEpoch(offset=222013, epoch=4), OffsetAndEpoch(offset=229350, epoch=4), OffsetAndEpoch(offset=236546, epoch=4), OffsetAndEpoch(offset=243744, epoch=4), OffsetAndEpoch(offset=251023, epoch=4), OffsetAndEpoch(offset=258221, epoch=4), OffsetAndEpoch(offset=265419, epoch=4), OffsetAndEpoch(offset=272617, epoch=4), OffsetAndEpoch(offset=279815, epoch=4), OffsetAndEpoch(offset=287143, epoch=4), OffsetAndEpoch(offset=294340, epoch=4), OffsetAndEpoch(offset=301539, epoch=4), OffsetAndEpoch(offset=308733, epoch=4), OffsetAndEpoch(offset=324006, epoch=16), OffsetAndEpoch(offset=331203, epoch=16), OffsetAndEpoch(offset=338398, epoch=16), OffsetAndEpoch(offset=345596, epoch=16)) from /var/lib/kafka/data/logs/__cluster_metadata-0 (kafka.raft.KafkaMetadataLog$)
[2026-05-29 20:22:15,010] INFO [raft-expiration-reaper]: Starting (kafka.raft.TimingWheelExpirationService$ExpiredOperationReaper)
[2026-05-29 20:22:15,213] INFO [RaftManager id=0] Completed transition to ResignedState(localId=0, epoch=16, voters=[0], electionTimeoutMs=1321, unackedVoters=[], preferredSuccessors=[]) from null (org.apache.kafka.raft.QuorumState)
[2026-05-29 20:22:15,223] INFO [RaftManager id=0] Completed transition to CandidateState(localId=0, epoch=17, retries=1, voteStates={0=GRANTED}, highWatermark=Optional.empty, electionTimeoutMs=1249) from ResignedState(localId=0, epoch=16, voters=[0], electionTimeoutMs=1321, unackedVoters=[], preferredSuccessors=[]) (org.apache.kafka.raft.QuorumState)
[2026-05-29 20:22:15,233] INFO [RaftManager id=0] Completed transition to Leader(localId=0, epoch=17, epochStartOffset=347801, highWatermark=Optional.empty, voterStates={0=ReplicaState(nodeId=0, endOffset=Optional.empty, lastFetchTimestamp=-1, lastCaughtUpTimestamp=-1, hasAcknowledgedLeader=true)}) from CandidateState(localId=0, epoch=17, retries=1, voteStates={0=GRANTED}, highWatermark=Optional.empty, electionTimeoutMs=1249) (org.apache.kafka.raft.QuorumState)
[2026-05-29 20:22:15,256] INFO [kafka-0-raft-outbound-request-thread]: Starting (org.apache.kafka.raft.KafkaNetworkChannel$SendThread)
[2026-05-29 20:22:15,256] INFO [kafka-0-raft-io-thread]: Starting (kafka.raft.KafkaRaftManager$RaftIoThread)
[2026-05-29 20:22:15,272] INFO [RaftManager id=0] High watermark set to LogOffsetMetadata(offset=347802, metadata=Optional[(segmentBaseOffset=0,relativePositionInSegment=24975719)]) for the first time for epoch 17 based on indexOfHw 0 and voters [ReplicaState(nodeId=0, endOffset=Optional[LogOffsetMetadata(offset=347802, metadata=Optional[(segmentBaseOffset=0,relativePositionInSegment=24975719)])], lastFetchTimestamp=-1, lastCaughtUpTimestamp=-1, hasAcknowledgedLeader=true)] (org.apache.kafka.raft.LeaderState)
[2026-05-29 20:22:15,272] INFO [MetadataLoader id=0] initializeNewPublishers: The loader is still catching up because we have loaded up to offset -1, but the high water mark is 347802 (org.apache.kafka.image.loader.MetadataLoader)
[2026-05-29 20:22:15,274] INFO [ControllerServer id=0] Waiting for controller quorum voters future (kafka.server.ControllerServer)
[2026-05-29 20:22:15,274] INFO [ControllerServer id=0] Finished waiting for controller quorum voters future (kafka.server.ControllerServer)
[2026-05-29 20:22:15,289] INFO [RaftManager id=0] Registered the listener org.apache.kafka.image.loader.MetadataLoader@1798511022 (org.apache.kafka.raft.KafkaRaftClient)
[2026-05-29 20:22:15,296] INFO [MetadataLoader id=0] handleLoadSnapshot(00000000000000345596-0000000016): incrementing HandleLoadSnapshotCount to 1. (org.apache.kafka.image.loader.MetadataLoader)
[2026-05-29 20:22:15,367] INFO [RaftManager id=0] Registered the listener org.apache.kafka.controller.QuorumController$QuorumMetaLogListener@67145104 (org.apache.kafka.raft.KafkaRaftClient)
[2026-05-29 20:22:15,372] INFO [controller-0-ThrottledChannelReaper-Fetch]: Starting (kafka.server.ClientQuotaManager$ThrottledChannelReaper)
[2026-05-29 20:22:15,377] INFO [controller-0-ThrottledChannelReaper-Request]: Starting (kafka.server.ClientQuotaManager$ThrottledChannelReaper)
[2026-05-29 20:22:15,377] INFO [controller-0-ThrottledChannelReaper-Produce]: Starting (kafka.server.ClientQuotaManager$ThrottledChannelReaper)
[2026-05-29 20:22:15,387] INFO [controller-0-ThrottledChannelReaper-ControllerMutation]: Starting (kafka.server.ClientQuotaManager$ThrottledChannelReaper)
[2026-05-29 20:22:15,399] INFO [MetadataLoader id=0] handleLoadSnapshot(00000000000000345596-0000000016): generated a metadata delta between offset -1 and this snapshot in 102917 us. (org.apache.kafka.image.loader.MetadataLoader)
[2026-05-29 20:22:15,400] INFO [MetadataLoader id=0] maybePublishMetadata(SNAPSHOT): The loader is still catching up because we have loaded up to offset 345595, but the high water mark is 347802 (org.apache.kafka.image.loader.MetadataLoader)
[2026-05-29 20:22:15,403] INFO [MetadataLoader id=0] initializeNewPublishers: The loader is still catching up because we have loaded up to offset 345595, but the high water mark is 347802 (org.apache.kafka.image.loader.MetadataLoader)
[2026-05-29 20:22:15,568] INFO [ExpirationReaper-0-AlterAcls]: Starting (kafka.server.DelayedOperationPurgatory$ExpiredOperationReaper)
[2026-05-29 20:22:15,680] INFO [ControllerServer id=0] Waiting for the controller metadata publishers to be installed (kafka.server.ControllerServer)
[2026-05-29 20:22:15,687] INFO [MetadataLoader id=0] maybePublishMetadata(LOG_DELTA): The loader finished catching up to the current high water mark of 347802 (org.apache.kafka.image.loader.MetadataLoader)
[2026-05-29 20:22:15,691] INFO [MetadataLoader id=0] InitializeNewPublishers: initializing SnapshotGenerator with a snapshot at offset 347801 (org.apache.kafka.image.loader.MetadataLoader)
[2026-05-29 20:22:15,691] INFO [ControllerServer id=0] Finished waiting for the controller metadata publishers to be installed (kafka.server.ControllerServer)
[2026-05-29 20:22:15,692] INFO [SocketServer listenerType=CONTROLLER, nodeId=0] Enabling request processing. (kafka.network.SocketServer)
[2026-05-29 20:22:15,692] INFO [MetadataLoader id=0] InitializeNewPublishers: initializing KRaftMetadataCachePublisher with a snapshot at offset 347801 (org.apache.kafka.image.loader.MetadataLoader)
[2026-05-29 20:22:15,692] INFO [MetadataLoader id=0] InitializeNewPublishers: initializing FeaturesPublisher with a snapshot at offset 347801 (org.apache.kafka.image.loader.MetadataLoader)
[2026-05-29 20:22:15,692] INFO [ControllerServer id=0] Loaded new metadata Features(version=3.7-IV4, finalizedFeatures={metadata.version=19}, finalizedFeaturesEpoch=347801). (org.apache.kafka.metadata.publisher.FeaturesPublisher)
[2026-05-29 20:22:15,693] INFO [MetadataLoader id=0] InitializeNewPublishers: initializing ControllerRegistrationsPublisher with a snapshot at offset 347801 (org.apache.kafka.image.loader.MetadataLoader)
[2026-05-29 20:22:15,693] INFO [MetadataLoader id=0] InitializeNewPublishers: initializing ControllerRegistrationManager with a snapshot at offset 347801 (org.apache.kafka.image.loader.MetadataLoader)
[2026-05-29 20:22:15,693] INFO [MetadataLoader id=0] InitializeNewPublishers: initializing DynamicConfigPublisher controller id=0 with a snapshot at offset 347801 (org.apache.kafka.image.loader.MetadataLoader)
[2026-05-29 20:22:15,694] INFO [MetadataLoader id=0] InitializeNewPublishers: initializing DynamicClientQuotaPublisher controller id=0 with a snapshot at offset 347801 (org.apache.kafka.image.loader.MetadataLoader)
[2026-05-29 20:22:15,694] INFO [MetadataLoader id=0] InitializeNewPublishers: initializing ScramPublisher controller id=0 with a snapshot at offset 347801 (org.apache.kafka.image.loader.MetadataLoader)
[2026-05-29 20:22:15,695] INFO [MetadataLoader id=0] InitializeNewPublishers: initializing DelegationTokenPublisher controller id=0 with a snapshot at offset 347801 (org.apache.kafka.image.loader.MetadataLoader)
[2026-05-29 20:22:15,695] INFO [ControllerRegistrationManager id=0 incarnation=He8_jfgIR9eFDX27nF4-5Q] Found registration for win8P8dKSyueMJDWnfslVw instead of our incarnation. (kafka.server.ControllerRegistrationManager)
[2026-05-29 20:22:15,767] INFO [MetadataLoader id=0] InitializeNewPublishers: initializing ControllerMetadataMetricsPublisher with a snapshot at offset 347801 (org.apache.kafka.image.loader.MetadataLoader)
[2026-05-29 20:22:15,768] INFO [MetadataLoader id=0] InitializeNewPublishers: initializing AclPublisher controller id=0 with a snapshot at offset 347801 (org.apache.kafka.image.loader.MetadataLoader)
[2026-05-29 20:22:15,769] INFO Awaiting socket connections on 0.0.0.0:9093. (kafka.network.DataPlaneAcceptor)
[2026-05-29 20:22:15,777] INFO [controller-0-to-controller-registration-channel-manager]: Starting (kafka.server.NodeToControllerRequestThread)
[2026-05-29 20:22:15,777] INFO [ControllerRegistrationManager id=0 incarnation=He8_jfgIR9eFDX27nF4-5Q] initialized channel manager. (kafka.server.ControllerRegistrationManager)
[2026-05-29 20:22:15,777] INFO [ControllerServer id=0] Waiting for all of the authorizer futures to be completed (kafka.server.ControllerServer)
[2026-05-29 20:22:15,778] INFO [ControllerServer id=0] Finished waiting for all of the authorizer futures to be completed (kafka.server.ControllerServer)
[2026-05-29 20:22:15,778] INFO [ControllerServer id=0] Waiting for all of the SocketServer Acceptors to be started (kafka.server.ControllerServer)
[2026-05-29 20:22:15,778] INFO [ControllerServer id=0] Finished waiting for all of the SocketServer Acceptors to be started (kafka.server.ControllerServer)
[2026-05-29 20:22:15,778] INFO [controller-0-to-controller-registration-channel-manager]: Recorded new KRaft controller, from now on will use node kafka-0.kafka-headless.kafka.svc.cluster.local:9093 (id: 0 rack: null) (kafka.server.NodeToControllerRequestThread)
[2026-05-29 20:22:15,779] INFO [BrokerServer id=0] Transition from SHUTDOWN to STARTING (kafka.server.BrokerServer)
[2026-05-29 20:22:15,779] INFO [ControllerRegistrationManager id=0 incarnation=He8_jfgIR9eFDX27nF4-5Q] sendControllerRegistration: attempting to send ControllerRegistrationRequestData(controllerId=0, incarnationId=He8_jfgIR9eFDX27nF4-5Q, zkMigrationReady=false, listeners=[Listener(name='CONTROLLER', host='0.0.0.0', port=9093, securityProtocol=0)], features=[Feature(name='metadata.version', minSupportedVersion=1, maxSupportedVersion=19)]) (kafka.server.ControllerRegistrationManager)
[2026-05-29 20:22:15,780] INFO [BrokerServer id=0] Starting broker (kafka.server.BrokerServer)
[2026-05-29 20:22:15,787] INFO [broker-0-ThrottledChannelReaper-Fetch]: Starting (kafka.server.ClientQuotaManager$ThrottledChannelReaper)
[2026-05-29 20:22:15,789] INFO [broker-0-ThrottledChannelReaper-Produce]: Starting (kafka.server.ClientQuotaManager$ThrottledChannelReaper)
[2026-05-29 20:22:15,790] INFO [broker-0-ThrottledChannelReaper-Request]: Starting (kafka.server.ClientQuotaManager$ThrottledChannelReaper)
[2026-05-29 20:22:15,790] INFO [broker-0-ThrottledChannelReaper-ControllerMutation]: Starting (kafka.server.ClientQuotaManager$ThrottledChannelReaper)
[2026-05-29 20:22:15,895] INFO [BrokerServer id=0] Waiting for controller quorum voters future (kafka.server.BrokerServer)
[2026-05-29 20:22:15,895] INFO [BrokerServer id=0] Finished waiting for controller quorum voters future (kafka.server.BrokerServer)
[2026-05-29 20:22:15,899] INFO [broker-0-to-controller-forwarding-channel-manager]: Starting (kafka.server.NodeToControllerRequestThread)
[2026-05-29 20:22:15,900] INFO [broker-0-to-controller-forwarding-channel-manager]: Recorded new KRaft controller, from now on will use node kafka-0.kafka-headless.kafka.svc.cluster.local:9093 (id: 0 rack: null) (kafka.server.NodeToControllerRequestThread)
[2026-05-29 20:22:15,999] INFO Updated connection-accept-rate max connection creation rate to 2147483647 (kafka.network.ConnectionQuotas)
[2026-05-29 20:22:16,069] INFO [ControllerRegistrationManager id=0 incarnation=He8_jfgIR9eFDX27nF4-5Q] Our registration has been persisted to the metadata log. (kafka.server.ControllerRegistrationManager)
[2026-05-29 20:22:16,071] INFO [ControllerRegistrationManager id=0 incarnation=He8_jfgIR9eFDX27nF4-5Q] RegistrationResponseHandler: controller acknowledged ControllerRegistrationRequest. (kafka.server.ControllerRegistrationManager)
[2026-05-29 20:22:16,073] INFO [SocketServer listenerType=BROKER, nodeId=0] Created data-plane acceptor and processors for endpoint : ListenerName(PLAINTEXT) (kafka.network.SocketServer)
[2026-05-29 20:22:16,078] INFO [broker-0-to-controller-alter-partition-channel-manager]: Starting (kafka.server.NodeToControllerRequestThread)
[2026-05-29 20:22:16,079] INFO [broker-0-to-controller-alter-partition-channel-manager]: Recorded new KRaft controller, from now on will use node kafka-0.kafka-headless.kafka.svc.cluster.local:9093 (id: 0 rack: null) (kafka.server.NodeToControllerRequestThread)
[2026-05-29 20:22:16,087] INFO [broker-0-to-controller-directory-assignments-channel-manager]: Starting (kafka.server.NodeToControllerRequestThread)
[2026-05-29 20:22:16,087] INFO [broker-0-to-controller-directory-assignments-channel-manager]: Recorded new KRaft controller, from now on will use node kafka-0.kafka-headless.kafka.svc.cluster.local:9093 (id: 0 rack: null) (kafka.server.NodeToControllerRequestThread)
[2026-05-29 20:22:16,099] INFO [ExpirationReaper-0-Produce]: Starting (kafka.server.DelayedOperationPurgatory$ExpiredOperationReaper)
[2026-05-29 20:22:16,100] INFO [ExpirationReaper-0-Fetch]: Starting (kafka.server.DelayedOperationPurgatory$ExpiredOperationReaper)
[2026-05-29 20:22:16,101] INFO [ExpirationReaper-0-DeleteRecords]: Starting (kafka.server.DelayedOperationPurgatory$ExpiredOperationReaper)
[2026-05-29 20:22:16,102] INFO [ExpirationReaper-0-ElectLeader]: Starting (kafka.server.DelayedOperationPurgatory$ExpiredOperationReaper)
[2026-05-29 20:22:16,167] INFO [ExpirationReaper-0-RemoteFetch]: Starting (kafka.server.DelayedOperationPurgatory$ExpiredOperationReaper)
[2026-05-29 20:22:16,188] INFO [ExpirationReaper-0-Heartbeat]: Starting (kafka.server.DelayedOperationPurgatory$ExpiredOperationReaper)
[2026-05-29 20:22:16,189] INFO [ExpirationReaper-0-Rebalance]: Starting (kafka.server.DelayedOperationPurgatory$ExpiredOperationReaper)
[2026-05-29 20:22:16,401] INFO [broker-0-to-controller-heartbeat-channel-manager]: Starting (kafka.server.NodeToControllerRequestThread)
[2026-05-29 20:22:16,402] INFO [broker-0-to-controller-heartbeat-channel-manager]: Recorded new KRaft controller, from now on will use node kafka-0.kafka-headless.kafka.svc.cluster.local:9093 (id: 0 rack: null) (kafka.server.NodeToControllerRequestThread)
[2026-05-29 20:22:16,405] INFO [BrokerLifecycleManager id=0] Incarnation 3Omrs6ZFT7Gk6pcKth4G2A of broker 0 in cluster MkU3OEVBNTcwNTJENDM2Qk is now STARTING. (kafka.server.BrokerLifecycleManager)
[2026-05-29 20:22:16,479] INFO [ExpirationReaper-0-AlterAcls]: Starting (kafka.server.DelayedOperationPurgatory$ExpiredOperationReaper)
[2026-05-29 20:22:16,508] INFO [BrokerLifecycleManager id=0] Successfully registered broker 0 with broker epoch 347804 (kafka.server.BrokerLifecycleManager)
[2026-05-29 20:22:16,567] INFO [BrokerServer id=0] Waiting for the broker metadata publishers to be installed (kafka.server.BrokerServer)
[2026-05-29 20:22:16,568] INFO [BrokerServer id=0] Finished waiting for the broker metadata publishers to be installed (kafka.server.BrokerServer)
[2026-05-29 20:22:16,568] INFO [BrokerServer id=0] Waiting for the controller to acknowledge that we are caught up (kafka.server.BrokerServer)
[2026-05-29 20:22:16,569] INFO [MetadataLoader id=0] InitializeNewPublishers: initializing MetadataVersionPublisher(id=0) with a snapshot at offset 347804 (org.apache.kafka.image.loader.MetadataLoader)
[2026-05-29 20:22:16,569] INFO [MetadataLoader id=0] InitializeNewPublishers: initializing BrokerMetadataPublisher with a snapshot at offset 347804 (org.apache.kafka.image.loader.MetadataLoader)
[2026-05-29 20:22:16,570] INFO [BrokerMetadataPublisher id=0] Publishing initial metadata at offset OffsetAndEpoch(offset=347804, epoch=17) with metadata.version 3.7-IV4. (kafka.server.metadata.BrokerMetadataPublisher)
[2026-05-29 20:22:16,573] INFO [BrokerLifecycleManager id=0] The broker has caught up. Transitioning from STARTING to RECOVERY. (kafka.server.BrokerLifecycleManager)
[2026-05-29 20:22:16,574] INFO Loading logs from log dirs ArraySeq(/var/lib/kafka/data/logs) (kafka.log.LogManager)
[2026-05-29 20:22:16,576] INFO [BrokerServer id=0] Finished waiting for the controller to acknowledge that we are caught up (kafka.server.BrokerServer)
[2026-05-29 20:22:16,576] INFO [BrokerServer id=0] Waiting for the initial broker metadata update to be published (kafka.server.BrokerServer)
[2026-05-29 20:22:16,586] INFO [BrokerLifecycleManager id=0] The broker is in RECOVERY. (kafka.server.BrokerLifecycleManager)
[2026-05-29 20:22:16,598] INFO Skipping recovery of 84 logs from /var/lib/kafka/data/logs since clean shutdown file was found (kafka.log.LogManager)
[2026-05-29 20:22:16,623] INFO [LogLoader partition=copy_trade_audit_stream-2, dir=/var/lib/kafka/data/logs] Loading producer state till offset 0 with message format version 2 (kafka.log.UnifiedLog$)
[2026-05-29 20:22:16,672] INFO Completed load of Log(dir=/var/lib/kafka/data/logs/copy_trade_audit_stream-2, topicId=dHT6AzejTtyPF40DstRoLA, topic=copy_trade_audit_stream, partition=2, highWatermark=0, lastStableOffset=0, logStartOffset=0, logEndOffset=0) with 1 segments, local-log-start-offset 0 and log-end-offset 0 in 63ms (1/84 completed in /var/lib/kafka/data/logs) (kafka.log.LogManager)
[2026-05-29 20:22:16,678] INFO [LogLoader partition=__consumer_offsets-4, dir=/var/lib/kafka/data/logs] Loading producer state till offset 0 with message format version 2 (kafka.log.UnifiedLog$)
[2026-05-29 20:22:16,682] INFO Completed load of Log(dir=/var/lib/kafka/data/logs/__consumer_offsets-4, topicId=BkeS2DU8R9-dAQqoBoBKSg, topic=__consumer_offsets, partition=4, highWatermark=0, lastStableOffset=0, logStartOffset=0, logEndOffset=0) with 1 segments, local-log-start-offset 0 and log-end-offset 0 in 9ms (2/84 completed in /var/lib/kafka/data/logs) (kafka.log.LogManager)
[2026-05-29 20:22:16,686] INFO [LogLoader partition=__consumer_offsets-6, dir=/var/lib/kafka/data/logs] Loading producer state till offset 0 with message format version 2 (kafka.log.UnifiedLog$)
[2026-05-29 20:22:16,690] INFO Completed load of Log(dir=/var/lib/kafka/data/logs/__consumer_offsets-6, topicId=BkeS2DU8R9-dAQqoBoBKSg, topic=__consumer_offsets, partition=6, highWatermark=0, lastStableOffset=0, logStartOffset=0, logEndOffset=0) with 1 segments, local-log-start-offset 0 and log-end-offset 0 in 7ms (3/84 completed in /var/lib/kafka/data/logs) (kafka.log.LogManager)
[2026-05-29 20:22:16,693] INFO [LogLoader partition=__consumer_offsets-27, dir=/var/lib/kafka/data/logs] Loading producer state till offset 0 with message format version 2 (kafka.log.UnifiedLog$)
[2026-05-29 20:22:16,697] INFO Completed load of Log(dir=/var/lib/kafka/data/logs/__consumer_offsets-27, topicId=BkeS2DU8R9-dAQqoBoBKSg, topic=__consumer_offsets, partition=27, highWatermark=0, lastStableOffset=0, logStartOffset=0, logEndOffset=0) with 1 segments, local-log-start-offset 0 and log-end-offset 0 in 7ms (4/84 completed in /var/lib/kafka/data/logs) (kafka.log.LogManager)
[2026-05-29 20:22:16,701] INFO [LogLoader partition=copy_trade_stream-0, dir=/var/lib/kafka/data/logs] Loading producer state till offset 0 with message format version 2 (kafka.log.UnifiedLog$)
[2026-05-29 20:22:16,705] INFO Completed load of Log(dir=/var/lib/kafka/data/logs/copy_trade_stream-0, topicId=Pm8FGxxaQkivm6l2Ufgocw, topic=copy_trade_stream, partition=0, highWatermark=0, lastStableOffset=0, logStartOffset=0, logEndOffset=0) with 1 segments, local-log-start-offset 0 and log-end-offset 0 in 9ms (5/84 completed in /var/lib/kafka/data/logs) (kafka.log.LogManager)
[2026-05-29 20:22:16,720] INFO [LogLoader partition=__consumer_offsets-12, dir=/var/lib/kafka/data/logs] Loading producer state till offset 6 with message format version 2 (kafka.log.UnifiedLog$)
[2026-05-29 20:22:16,720] INFO [LogLoader partition=__consumer_offsets-12, dir=/var/lib/kafka/data/logs] Reloading from producer snapshot and rebuilding producer state from offset 6 (kafka.log.UnifiedLog$)
[2026-05-29 20:22:16,720] INFO [ProducerStateManager partition=__consumer_offsets-12] Loading producer state from snapshot file 'SnapshotFile(offset=6, file=/var/lib/kafka/data/logs/__consumer_offsets-12/00000000000000000006.snapshot)' (org.apache.kafka.storage.internals.log.ProducerStateManager)
[2026-05-29 20:22:16,722] INFO [LogLoader partition=__consumer_offsets-12, dir=/var/lib/kafka/data/logs] Producer state recovery took 2ms for snapshot load and 0ms for segment recovery from offset 6 (kafka.log.UnifiedLog$)
[2026-05-29 20:22:16,725] INFO Completed load of Log(dir=/var/lib/kafka/data/logs/__consumer_offsets-12, topicId=BkeS2DU8R9-dAQqoBoBKSg, topic=__consumer_offsets, partition=12, highWatermark=0, lastStableOffset=0, logStartOffset=0, logEndOffset=6) with 1 segments, local-log-start-offset 0 and log-end-offset 6 in 19ms (6/84 completed in /var/lib/kafka/data/logs) (kafka.log.LogManager)
[2026-05-29 20:22:16,769] INFO [LogLoader partition=__consumer_offsets-31, dir=/var/lib/kafka/data/logs] Loading producer state till offset 0 with message format version 2 (kafka.log.UnifiedLog$)
[2026-05-29 20:22:16,772] INFO Completed load of Log(dir=/var/lib/kafka/data/logs/__consumer_offsets-31, topicId=BkeS2DU8R9-dAQqoBoBKSg, topic=__consumer_offsets, partition=31, highWatermark=0, lastStableOffset=0, logStartOffset=0, logEndOffset=0) with 1 segments, local-log-start-offset 0 and log-end-offset 0 in 47ms (7/84 completed in /var/lib/kafka/data/logs) (kafka.log.LogManager)
[2026-05-29 20:22:16,781] INFO [LogLoader partition=__consumer_offsets-14, dir=/var/lib/kafka/data/logs] Loading producer state till offset 3 with message format version 2 (kafka.log.UnifiedLog$)
[2026-05-29 20:22:16,781] INFO [LogLoader partition=__consumer_offsets-14, dir=/var/lib/kafka/data/logs] Reloading from producer snapshot and rebuilding producer state from offset 3 (kafka.log.UnifiedLog$)
[2026-05-29 20:22:16,782] INFO [ProducerStateManager partition=__consumer_offsets-14] Loading producer state from snapshot file 'SnapshotFile(offset=3, file=/var/lib/kafka/data/logs/__consumer_offsets-14/00000000000000000003.snapshot)' (org.apache.kafka.storage.internals.log.ProducerStateManager)
[2026-05-29 20:22:16,784] INFO [LogLoader partition=__consumer_offsets-14, dir=/var/lib/kafka/data/logs] Producer state recovery took 2ms for snapshot load and 0ms for segment recovery from offset 3 (kafka.log.UnifiedLog$)
[2026-05-29 20:22:16,787] INFO Completed load of Log(dir=/var/lib/kafka/data/logs/__consumer_offsets-14, topicId=BkeS2DU8R9-dAQqoBoBKSg, topic=__consumer_offsets, partition=14, highWatermark=0, lastStableOffset=0, logStartOffset=0, logEndOffset=3) with 1 segments, local-log-start-offset 0 and log-end-offset 3 in 14ms (8/84 completed in /var/lib/kafka/data/logs) (kafka.log.LogManager)
[2026-05-29 20:22:16,791] INFO [LogLoader partition=__consumer_offsets-41, dir=/var/lib/kafka/data/logs] Loading producer state till offset 0 with message format version 2 (kafka.log.UnifiedLog$)
[2026-05-29 20:22:16,799] INFO Completed load of Log(dir=/var/lib/kafka/data/logs/__consumer_offsets-41, topicId=BkeS2DU8R9-dAQqoBoBKSg, topic=__consumer_offsets, partition=41, highWatermark=0, lastStableOffset=0, logStartOffset=0, logEndOffset=0) with 1 segments, local-log-start-offset 0 and log-end-offset 0 in 11ms (9/84 completed in /var/lib/kafka/data/logs) (kafka.log.LogManager)
[2026-05-29 20:22:16,803] INFO [LogLoader partition=__consumer_offsets-23, dir=/var/lib/kafka/data/logs] Loading producer state till offset 0 with message format version 2 (kafka.log.UnifiedLog$)
[2026-05-29 20:22:16,806] INFO Completed load of Log(dir=/var/lib/kafka/data/logs/__consumer_offsets-23, topicId=BkeS2DU8R9-dAQqoBoBKSg, topic=__consumer_offsets, partition=23, highWatermark=0, lastStableOffset=0, logStartOffset=0, logEndOffset=0) with 1 segments, local-log-start-offset 0 and log-end-offset 0 in 6ms (10/84 completed in /var/lib/kafka/data/logs) (kafka.log.LogManager)
[2026-05-29 20:22:16,810] INFO [LogLoader partition=__consumer_offsets-1, dir=/var/lib/kafka/data/logs] Loading producer state till offset 0 with message format version 2 (kafka.log.UnifiedLog$)
[2026-05-29 20:22:16,812] INFO Completed load of Log(dir=/var/lib/kafka/data/logs/__consumer_offsets-1, topicId=BkeS2DU8R9-dAQqoBoBKSg, topic=__consumer_offsets, partition=1, highWatermark=0, lastStableOffset=0, logStartOffset=0, logEndOffset=0) with 1 segments, local-log-start-offset 0 and log-end-offset 0 in 6ms (11/84 completed in /var/lib/kafka/data/logs) (kafka.log.LogManager)
[2026-05-29 20:22:16,816] INFO [LogLoader partition=copy_trade_audit_stream-0, dir=/var/lib/kafka/data/logs] Loading producer state till offset 0 with message format version 2 (kafka.log.UnifiedLog$)
[2026-05-29 20:22:16,819] INFO Completed load of Log(dir=/var/lib/kafka/data/logs/copy_trade_audit_stream-0, topicId=dHT6AzejTtyPF40DstRoLA, topic=copy_trade_audit_stream, partition=0, highWatermark=0, lastStableOffset=0, logStartOffset=0, logEndOffset=0) with 1 segments, local-log-start-offset 0 and log-end-offset 0 in 7ms (12/84 completed in /var/lib/kafka/data/logs) (kafka.log.LogManager)
[2026-05-29 20:22:16,828] INFO [LogLoader partition=__consumer_offsets-37, dir=/var/lib/kafka/data/logs] Loading producer state till offset 3 with message format version 2 (kafka.log.UnifiedLog$)
[2026-05-29 20:22:16,867] INFO [LogLoader partition=__consumer_offsets-37, dir=/var/lib/kafka/data/logs] Reloading from producer snapshot and rebuilding producer state from offset 3 (kafka.log.UnifiedLog$)
[2026-05-29 20:22:16,867] INFO [ProducerStateManager partition=__consumer_offsets-37] Loading producer state from snapshot file 'SnapshotFile(offset=3, file=/var/lib/kafka/data/logs/__consumer_offsets-37/00000000000000000003.snapshot)' (org.apache.kafka.storage.internals.log.ProducerStateManager)
[2026-05-29 20:22:16,869] INFO [LogLoader partition=__consumer_offsets-37, dir=/var/lib/kafka/data/logs] Producer state recovery took 2ms for snapshot load and 0ms for segment recovery from offset 3 (kafka.log.UnifiedLog$)
[2026-05-29 20:22:16,872] INFO Completed load of Log(dir=/var/lib/kafka/data/logs/__consumer_offsets-37, topicId=BkeS2DU8R9-dAQqoBoBKSg, topic=__consumer_offsets, partition=37, highWatermark=0, lastStableOffset=0, logStartOffset=0, logEndOffset=3) with 1 segments, local-log-start-offset 0 and log-end-offset 3 in 53ms (13/84 completed in /var/lib/kafka/data/logs) (kafka.log.LogManager)
[2026-05-29 20:22:16,876] INFO [LogLoader partition=broker_execution_stream-1, dir=/var/lib/kafka/data/logs] Loading producer state till offset 0 with message format version 2 (kafka.log.UnifiedLog$)
[2026-05-29 20:22:16,881] INFO Completed load of Log(dir=/var/lib/kafka/data/logs/broker_execution_stream-1, topicId=odIP1IycTrSKV73cqTOJNg, topic=broker_execution_stream, partition=1, highWatermark=0, lastStableOffset=0, logStartOffset=0, logEndOffset=0) with 1 segments, local-log-start-offset 0 and log-end-offset 0 in 8ms (14/84 completed in /var/lib/kafka/data/logs) (kafka.log.LogManager)
[2026-05-29 20:22:16,885] INFO [LogLoader partition=__consumer_offsets-40, dir=/var/lib/kafka/data/logs] Loading producer state till offset 0 with message format version 2 (kafka.log.UnifiedLog$)
[2026-05-29 20:22:16,888] INFO Completed load of Log(dir=/var/lib/kafka/data/logs/__consumer_offsets-40, topicId=BkeS2DU8R9-dAQqoBoBKSg, topic=__consumer_offsets, partition=40, highWatermark=0, lastStableOffset=0, logStartOffset=0, logEndOffset=0) with 1 segments, local-log-start-offset 0 and log-end-offset 0 in 7ms (15/84 completed in /var/lib/kafka/data/logs) (kafka.log.LogManager)
[2026-05-29 20:22:16,893] INFO [LogLoader partition=__consumer_offsets-28, dir=/var/lib/kafka/data/logs] Loading producer state till offset 0 with message format version 2 (kafka.log.UnifiedLog$)
[2026-05-29 20:22:16,895] INFO Completed load of Log(dir=/var/lib/kafka/data/logs/__consumer_offsets-28, topicId=BkeS2DU8R9-dAQqoBoBKSg, topic=__consumer_offsets, partition=28, highWatermark=0, lastStableOffset=0, logStartOffset=0, logEndOffset=0) with 1 segments, local-log-start-offset 0 and log-end-offset 0 in 7ms (16/84 completed in /var/lib/kafka/data/logs) (kafka.log.LogManager)
[2026-05-29 20:22:16,900] INFO [LogLoader partition=__consumer_offsets-35, dir=/var/lib/kafka/data/logs] Loading producer state till offset 0 with message format version 2 (kafka.log.UnifiedLog$)
[2026-05-29 20:22:16,903] INFO Completed load of Log(dir=/var/lib/kafka/data/logs/__consumer_offsets-35, topicId=BkeS2DU8R9-dAQqoBoBKSg, topic=__consumer_offsets, partition=35, highWatermark=0, lastStableOffset=0, logStartOffset=0, logEndOffset=0) with 1 segments, local-log-start-offset 0 and log-end-offset 0 in 7ms (17/84 completed in /var/lib/kafka/data/logs) (kafka.log.LogManager)
[2026-05-29 20:22:16,908] INFO [LogLoader partition=execution_session_stream-1, dir=/var/lib/kafka/data/logs] Loading producer state till offset 0 with message format version 2 (kafka.log.UnifiedLog$)
[2026-05-29 20:22:16,912] INFO Completed load of Log(dir=/var/lib/kafka/data/logs/execution_session_stream-1, topicId=DqjHdyuBS_u3lsuPhHvH7g, topic=execution_session_stream, partition=1, highWatermark=0, lastStableOffset=0, logStartOffset=0, logEndOffset=0) with 1 segments, local-log-start-offset 0 and log-end-offset 0 in 9ms (18/84 completed in /var/lib/kafka/data/logs) (kafka.log.LogManager)
[2026-05-29 20:22:16,921] INFO [LogLoader partition=__consumer_offsets-18, dir=/var/lib/kafka/data/logs] Loading producer state till offset 3 with message format version 2 (kafka.log.UnifiedLog$)
[2026-05-29 20:22:16,921] INFO [LogLoader partition=__consumer_offsets-18, dir=/var/lib/kafka/data/logs] Reloading from producer snapshot and rebuilding producer state from offset 3 (kafka.log.UnifiedLog$)
[2026-05-29 20:22:16,922] INFO [ProducerStateManager partition=__consumer_offsets-18] Loading producer state from snapshot file 'SnapshotFile(offset=3, file=/var/lib/kafka/data/logs/__consumer_offsets-18/00000000000000000003.snapshot)' (org.apache.kafka.storage.internals.log.ProducerStateManager)
[2026-05-29 20:22:16,923] INFO [LogLoader partition=__consumer_offsets-18, dir=/var/lib/kafka/data/logs] Producer state recovery took 1ms for snapshot load and 0ms for segment recovery from offset 3 (kafka.log.UnifiedLog$)
[2026-05-29 20:22:16,970] INFO Completed load of Log(dir=/var/lib/kafka/data/logs/__consumer_offsets-18, topicId=BkeS2DU8R9-dAQqoBoBKSg, topic=__consumer_offsets, partition=18, highWatermark=0, lastStableOffset=0, logStartOffset=0, logEndOffset=3) with 1 segments, local-log-start-offset 0 and log-end-offset 3 in 58ms (19/84 completed in /var/lib/kafka/data/logs) (kafka.log.LogManager)
[2026-05-29 20:22:16,974] INFO [LogLoader partition=__consumer_offsets-30, dir=/var/lib/kafka/data/logs] Loading producer state till offset 0 with message format version 2 (kafka.log.UnifiedLog$)
[2026-05-29 20:22:16,978] INFO Completed load of Log(dir=/var/lib/kafka/data/logs/__consumer_offsets-30, topicId=BkeS2DU8R9-dAQqoBoBKSg, topic=__consumer_offsets, partition=30, highWatermark=0, lastStableOffset=0, logStartOffset=0, logEndOffset=0) with 1 segments, local-log-start-offset 0 and log-end-offset 0 in 8ms (20/84 completed in /var/lib/kafka/data/logs) (kafka.log.LogManager)
[2026-05-29 20:22:16,983] INFO [LogLoader partition=execution_session_stream-2, dir=/var/lib/kafka/data/logs] Loading producer state till offset 0 with message format version 2 (kafka.log.UnifiedLog$)
[2026-05-29 20:22:16,986] INFO Completed load of Log(dir=/var/lib/kafka/data/logs/execution_session_stream-2, topicId=DqjHdyuBS_u3lsuPhHvH7g, topic=execution_session_stream, partition=2, highWatermark=0, lastStableOffset=0, logStartOffset=0, logEndOffset=0) with 1 segments, local-log-start-offset 0 and log-end-offset 0 in 8ms (21/84 completed in /var/lib/kafka/data/logs) (kafka.log.LogManager)
[2026-05-29 20:22:16,991] INFO [LogLoader partition=__consumer_offsets-38, dir=/var/lib/kafka/data/logs] Loading producer state till offset 0 with message format version 2 (kafka.log.UnifiedLog$)
[2026-05-29 20:22:16,993] INFO Completed load of Log(dir=/var/lib/kafka/data/logs/__consumer_offsets-38, topicId=BkeS2DU8R9-dAQqoBoBKSg, topic=__consumer_offsets, partition=38, highWatermark=0, lastStableOffset=0, logStartOffset=0, logEndOffset=0) with 1 segments, local-log-start-offset 0 and log-end-offset 0 in 7ms (22/84 completed in /var/lib/kafka/data/logs) (kafka.log.LogManager)
[2026-05-29 20:22:16,998] INFO [LogLoader partition=__consumer_offsets-19, dir=/var/lib/kafka/data/logs] Loading producer state till offset 0 with message format version 2 (kafka.log.UnifiedLog$)
[2026-05-29 20:22:17,001] INFO Completed load of Log(dir=/var/lib/kafka/data/logs/__consumer_offsets-19, topicId=BkeS2DU8R9-dAQqoBoBKSg, topic=__consumer_offsets, partition=19, highWatermark=0, lastStableOffset=0, logStartOffset=0, logEndOffset=0) with 1 segments, local-log-start-offset 0 and log-end-offset 0 in 7ms (23/84 completed in /var/lib/kafka/data/logs) (kafka.log.LogManager)
[2026-05-29 20:22:17,012] INFO Deleted producer state snapshot /var/lib/kafka/data/logs/__consumer_offsets-39/00000000000000059179.snapshot (org.apache.kafka.storage.internals.log.SnapshotFile)
[2026-05-29 20:22:17,013] INFO [LogLoader partition=__consumer_offsets-39, dir=/var/lib/kafka/data/logs] Loading producer state till offset 59429 with message format version 2 (kafka.log.UnifiedLog$)
[2026-05-29 20:22:17,013] INFO [LogLoader partition=__consumer_offsets-39, dir=/var/lib/kafka/data/logs] Reloading from producer snapshot and rebuilding producer state from offset 59429 (kafka.log.UnifiedLog$)
[2026-05-29 20:22:17,013] INFO [ProducerStateManager partition=__consumer_offsets-39] Loading producer state from snapshot file 'SnapshotFile(offset=59429, file=/var/lib/kafka/data/logs/__consumer_offsets-39/00000000000000059429.snapshot)' (org.apache.kafka.storage.internals.log.ProducerStateManager)
[2026-05-29 20:22:17,015] INFO [LogLoader partition=__consumer_offsets-39, dir=/var/lib/kafka/data/logs] Producer state recovery took 2ms for snapshot load and 0ms for segment recovery from offset 59429 (kafka.log.UnifiedLog$)
[2026-05-29 20:22:17,018] INFO Completed load of Log(dir=/var/lib/kafka/data/logs/__consumer_offsets-39, topicId=BkeS2DU8R9-dAQqoBoBKSg, topic=__consumer_offsets, partition=39, highWatermark=0, lastStableOffset=0, logStartOffset=0, logEndOffset=59429) with 1 segments, local-log-start-offset 0 and log-end-offset 59429 in 17ms (24/84 completed in /var/lib/kafka/data/logs) (kafka.log.LogManager)
[2026-05-29 20:22:17,030] INFO [LogLoader partition=__consumer_offsets-16, dir=/var/lib/kafka/data/logs] Loading producer state till offset 0 with message format version 2 (kafka.log.UnifiedLog$)
[2026-05-29 20:22:17,033] INFO Completed load of Log(dir=/var/lib/kafka/data/logs/__consumer_offsets-16, topicId=BkeS2DU8R9-dAQqoBoBKSg, topic=__consumer_offsets, partition=16, highWatermark=0, lastStableOffset=0, logStartOffset=0, logEndOffset=0) with 1 segments, local-log-start-offset 0 and log-end-offset 0 in 14ms (25/84 completed in /var/lib/kafka/data/logs) (kafka.log.LogManager)
[2026-05-29 20:22:17,069] INFO [LogLoader partition=__consumer_offsets-45, dir=/var/lib/kafka/data/logs] Loading producer state till offset 0 with message format version 2 (kafka.log.UnifiedLog$)
[2026-05-29 20:22:17,072] INFO Completed load of Log(dir=/var/lib/kafka/data/logs/__consumer_offsets-45, topicId=BkeS2DU8R9-dAQqoBoBKSg, topic=__consumer_offsets, partition=45, highWatermark=0, lastStableOffset=0, logStartOffset=0, logEndOffset=0) with 1 segments, local-log-start-offset 0 and log-end-offset 0 in 38ms (26/84 completed in /var/lib/kafka/data/logs) (kafka.log.LogManager)
[2026-05-29 20:22:17,076] INFO [LogLoader partition=broker_latency_stream-0, dir=/var/lib/kafka/data/logs] Loading producer state till offset 0 with message format version 2 (kafka.log.UnifiedLog$)
[2026-05-29 20:22:17,078] INFO Completed load of Log(dir=/var/lib/kafka/data/logs/broker_latency_stream-0, topicId=AC3UiNLlQgigA0dJbPWQZA, topic=broker_latency_stream, partition=0, highWatermark=0, lastStableOffset=0, logStartOffset=0, logEndOffset=0) with 1 segments, local-log-start-offset 0 and log-end-offset 0 in 7ms (27/84 completed in /var/lib/kafka/data/logs) (kafka.log.LogManager)
[2026-05-29 20:22:17,082] INFO [LogLoader partition=__consumer_offsets-48, dir=/var/lib/kafka/data/logs] Loading producer state till offset 0 with message format version 2 (kafka.log.UnifiedLog$)
[2026-05-29 20:22:17,084] INFO Completed load of Log(dir=/var/lib/kafka/data/logs/__consumer_offsets-48, topicId=BkeS2DU8R9-dAQqoBoBKSg, topic=__consumer_offsets, partition=48, highWatermark=0, lastStableOffset=0, logStartOffset=0, logEndOffset=0) with 1 segments, local-log-start-offset 0 and log-end-offset 0 in 6ms (28/84 completed in /var/lib/kafka/data/logs) (kafka.log.LogManager)
[2026-05-29 20:22:17,089] INFO [LogLoader partition=broker_dispatch_stream-0, dir=/var/lib/kafka/data/logs] Loading producer state till offset 0 with message format version 2 (kafka.log.UnifiedLog$)
[2026-05-29 20:22:17,091] INFO Completed load of Log(dir=/var/lib/kafka/data/logs/broker_dispatch_stream-0, topicId=d7UGjyQdTmOzKxf2ROYxtg, topic=broker_dispatch_stream, partition=0, highWatermark=0, lastStableOffset=0, logStartOffset=0, logEndOffset=0) with 1 segments, local-log-start-offset 0 and log-end-offset 0 in 7ms (29/84 completed in /var/lib/kafka/data/logs) (kafka.log.LogManager)
[2026-05-29 20:22:17,102] INFO Deleted producer state snapshot /var/lib/kafka/data/logs/normalized_market_data_stream-1/00000000000000090978.snapshot (org.apache.kafka.storage.internals.log.SnapshotFile)
[2026-05-29 20:22:17,103] INFO [LogLoader partition=normalized_market_data_stream-1, dir=/var/lib/kafka/data/logs] Loading producer state till offset 101240 with message format version 2 (kafka.log.UnifiedLog$)
[2026-05-29 20:22:17,103] INFO [LogLoader partition=normalized_market_data_stream-1, dir=/var/lib/kafka/data/logs] Reloading from producer snapshot and rebuilding producer state from offset 101240 (kafka.log.UnifiedLog$)
[2026-05-29 20:22:17,103] INFO [ProducerStateManager partition=normalized_market_data_stream-1] Loading producer state from snapshot file 'SnapshotFile(offset=101240, file=/var/lib/kafka/data/logs/normalized_market_data_stream-1/00000000000000101240.snapshot)' (org.apache.kafka.storage.internals.log.ProducerStateManager)
[2026-05-29 20:22:17,104] INFO [LogLoader partition=normalized_market_data_stream-1, dir=/var/lib/kafka/data/logs] Producer state recovery took 1ms for snapshot load and 0ms for segment recovery from offset 101240 (kafka.log.UnifiedLog$)
[2026-05-29 20:22:17,108] INFO Completed load of Log(dir=/var/lib/kafka/data/logs/normalized_market_data_stream-1, topicId=oaooLXJLSYaXj8Z846xISA, topic=normalized_market_data_stream, partition=1, highWatermark=0, lastStableOffset=0, logStartOffset=0, logEndOffset=101240) with 1 segments, local-log-start-offset 0 and log-end-offset 101240 in 16ms (30/84 completed in /var/lib/kafka/data/logs) (kafka.log.LogManager)
[2026-05-29 20:22:17,125] INFO [LogLoader partition=__consumer_offsets-5, dir=/var/lib/kafka/data/logs] Loading producer state till offset 3 with message format version 2 (kafka.log.UnifiedLog$)
[2026-05-29 20:22:17,125] INFO [LogLoader partition=__consumer_offsets-5, dir=/var/lib/kafka/data/logs] Reloading from producer snapshot and rebuilding producer state from offset 3 (kafka.log.UnifiedLog$)
[2026-05-29 20:22:17,125] INFO [ProducerStateManager partition=__consumer_offsets-5] Loading producer state from snapshot file 'SnapshotFile(offset=3, file=/var/lib/kafka/data/logs/__consumer_offsets-5/00000000000000000003.snapshot)' (org.apache.kafka.storage.internals.log.ProducerStateManager)
[2026-05-29 20:22:17,130] INFO [LogLoader partition=__consumer_offsets-5, dir=/var/lib/kafka/data/logs] Producer state recovery took 4ms for snapshot load and 1ms for segment recovery from offset 3 (kafka.log.UnifiedLog$)
[2026-05-29 20:22:17,133] INFO Completed load of Log(dir=/var/lib/kafka/data/logs/__consumer_offsets-5, topicId=BkeS2DU8R9-dAQqoBoBKSg, topic=__consumer_offsets, partition=5, highWatermark=0, lastStableOffset=0, logStartOffset=0, logEndOffset=3) with 1 segments, local-log-start-offset 0 and log-end-offset 3 in 25ms (31/84 completed in /var/lib/kafka/data/logs) (kafka.log.LogManager)
[2026-05-29 20:22:17,152] INFO Deleted producer state snapshot /var/lib/kafka/data/logs/raw_market_data_stream-0/00000000000000050767.snapshot (org.apache.kafka.storage.internals.log.SnapshotFile)
[2026-05-29 20:22:17,153] INFO [LogLoader partition=raw_market_data_stream-0, dir=/var/lib/kafka/data/logs] Loading producer state till offset 55883 with message format version 2 (kafka.log.UnifiedLog$)
[2026-05-29 20:22:17,153] INFO [LogLoader partition=raw_market_data_stream-0, dir=/var/lib/kafka/data/logs] Reloading from producer snapshot and rebuilding producer state from offset 55883 (kafka.log.UnifiedLog$)
[2026-05-29 20:22:17,153] INFO [ProducerStateManager partition=raw_market_data_stream-0] Loading producer state from snapshot file 'SnapshotFile(offset=55883, file=/var/lib/kafka/data/logs/raw_market_data_stream-0/00000000000000055883.snapshot)' (org.apache.kafka.storage.internals.log.ProducerStateManager)
[2026-05-29 20:22:17,167] INFO [LogLoader partition=raw_market_data_stream-0, dir=/var/lib/kafka/data/logs] Producer state recovery took 14ms for snapshot load and 0ms for segment recovery from offset 55883 (kafka.log.UnifiedLog$)
[2026-05-29 20:22:17,170] INFO Completed load of Log(dir=/var/lib/kafka/data/logs/raw_market_data_stream-0, topicId=EDvPdVSpRWCD6aG1wbdrBw, topic=raw_market_data_stream, partition=0, highWatermark=0, lastStableOffset=0, logStartOffset=0, logEndOffset=55883) with 1 segments, local-log-start-offset 0 and log-end-offset 55883 in 36ms (32/84 completed in /var/lib/kafka/data/logs) (kafka.log.LogManager)
[2026-05-29 20:22:17,174] INFO [LogLoader partition=broker_latency_stream-2, dir=/var/lib/kafka/data/logs] Loading producer state till offset 0 with message format version 2 (kafka.log.UnifiedLog$)
[2026-05-29 20:22:17,180] INFO Completed load of Log(dir=/var/lib/kafka/data/logs/broker_latency_stream-2, topicId=AC3UiNLlQgigA0dJbPWQZA, topic=broker_latency_stream, partition=2, highWatermark=0, lastStableOffset=0, logStartOffset=0, logEndOffset=0) with 1 segments, local-log-start-offset 0 and log-end-offset 0 in 10ms (33/84 completed in /var/lib/kafka/data/logs) (kafka.log.LogManager)
[2026-05-29 20:22:17,184] INFO [LogLoader partition=copy_trade_audit_stream-1, dir=/var/lib/kafka/data/logs] Loading producer state till offset 0 with message format version 2 (kafka.log.UnifiedLog$)
[2026-05-29 20:22:17,187] INFO Completed load of Log(dir=/var/lib/kafka/data/logs/copy_trade_audit_stream-1, topicId=dHT6AzejTtyPF40DstRoLA, topic=copy_trade_audit_stream, partition=1, highWatermark=0, lastStableOffset=0, logStartOffset=0, logEndOffset=0) with 1 segments, local-log-start-offset 0 and log-end-offset 0 in 7ms (34/84 completed in /var/lib/kafka/data/logs) (kafka.log.LogManager)
[2026-05-29 20:22:17,199] INFO [LogLoader partition=__consumer_offsets-34, dir=/var/lib/kafka/data/logs] Loading producer state till offset 3 with message format version 2 (kafka.log.UnifiedLog$)
[2026-05-29 20:22:17,199] INFO [LogLoader partition=__consumer_offsets-34, dir=/var/lib/kafka/data/logs] Reloading from producer snapshot and rebuilding producer state from offset 3 (kafka.log.UnifiedLog$)
[2026-05-29 20:22:17,199] INFO [ProducerStateManager partition=__consumer_offsets-34] Loading producer state from snapshot file 'SnapshotFile(offset=3, file=/var/lib/kafka/data/logs/__consumer_offsets-34/00000000000000000003.snapshot)' (org.apache.kafka.storage.internals.log.ProducerStateManager)
[2026-05-29 20:22:17,201] INFO [LogLoader partition=__consumer_offsets-34, dir=/var/lib/kafka/data/logs] Producer state recovery took 2ms for snapshot load and 0ms for segment recovery from offset 3 (kafka.log.UnifiedLog$)
[2026-05-29 20:22:17,203] INFO Completed load of Log(dir=/var/lib/kafka/data/logs/__consumer_offsets-34, topicId=BkeS2DU8R9-dAQqoBoBKSg, topic=__consumer_offsets, partition=34, highWatermark=0, lastStableOffset=0, logStartOffset=0, logEndOffset=3) with 1 segments, local-log-start-offset 0 and log-end-offset 3 in 16ms (35/84 completed in /var/lib/kafka/data/logs) (kafka.log.LogManager)
[2026-05-29 20:22:17,207] INFO [LogLoader partition=__consumer_offsets-13, dir=/var/lib/kafka/data/logs] Loading producer state till offset 0 with message format version 2 (kafka.log.UnifiedLog$)
[2026-05-29 20:22:17,212] INFO Completed load of Log(dir=/var/lib/kafka/data/logs/__consumer_offsets-13, topicId=BkeS2DU8R9-dAQqoBoBKSg, topic=__consumer_offsets, partition=13, highWatermark=0, lastStableOffset=0, logStartOffset=0, logEndOffset=0) with 1 segments, local-log-start-offset 0 and log-end-offset 0 in 8ms (36/84 completed in /var/lib/kafka/data/logs) (kafka.log.LogManager)
[2026-05-29 20:22:17,215] INFO [LogLoader partition=__consumer_offsets-10, dir=/var/lib/kafka/data/logs] Loading producer state till offset 0 with message format version 2 (kafka.log.UnifiedLog$)
[2026-05-29 20:22:17,224] INFO Completed load of Log(dir=/var/lib/kafka/data/logs/__consumer_offsets-10, topicId=BkeS2DU8R9-dAQqoBoBKSg, topic=__consumer_offsets, partition=10, highWatermark=0, lastStableOffset=0, logStartOffset=0, logEndOffset=0) with 1 segments, local-log-start-offset 0 and log-end-offset 0 in 11ms (37/84 completed in /var/lib/kafka/data/logs) (kafka.log.LogManager)
[2026-05-29 20:22:17,236] INFO [LogLoader partition=execution_session_stream-0, dir=/var/lib/kafka/data/logs] Loading producer state till offset 0 with message format version 2 (kafka.log.UnifiedLog$)
[2026-05-29 20:22:17,243] INFO Completed load of Log(dir=/var/lib/kafka/data/logs/execution_session_stream-0, topicId=DqjHdyuBS_u3lsuPhHvH7g, topic=execution_session_stream, partition=0, highWatermark=0, lastStableOffset=0, logStartOffset=0, logEndOffset=0) with 1 segments, local-log-start-offset 0 and log-end-offset 0 in 18ms (38/84 completed in /var/lib/kafka/data/logs) (kafka.log.LogManager)
[2026-05-29 20:22:17,254] INFO [LogLoader partition=__consumer_offsets-2, dir=/var/lib/kafka/data/logs] Loading producer state till offset 0 with message format version 2 (kafka.log.UnifiedLog$)
[2026-05-29 20:22:17,257] INFO Completed load of Log(dir=/var/lib/kafka/data/logs/__consumer_offsets-2, topicId=BkeS2DU8R9-dAQqoBoBKSg, topic=__consumer_offsets, partition=2, highWatermark=0, lastStableOffset=0, logStartOffset=0, logEndOffset=0) with 1 segments, local-log-start-offset 0 and log-end-offset 0 in 14ms (39/84 completed in /var/lib/kafka/data/logs) (kafka.log.LogManager)
[2026-05-29 20:22:17,267] INFO Deleted producer state snapshot /var/lib/kafka/data/logs/feature_store_updates-1/00000000000000090605.snapshot (org.apache.kafka.storage.internals.log.SnapshotFile)
[2026-05-29 20:22:17,267] INFO [LogLoader partition=feature_store_updates-1, dir=/var/lib/kafka/data/logs] Loading producer state till offset 100966 with message format version 2 (kafka.log.UnifiedLog$)
[2026-05-29 20:22:17,268] INFO [LogLoader partition=feature_store_updates-1, dir=/var/lib/kafka/data/logs] Reloading from producer snapshot and rebuilding producer state from offset 100966 (kafka.log.UnifiedLog$)
[2026-05-29 20:22:17,268] INFO [ProducerStateManager partition=feature_store_updates-1] Loading producer state from snapshot file 'SnapshotFile(offset=100966, file=/var/lib/kafka/data/logs/feature_store_updates-1/00000000000000100966.snapshot)' (org.apache.kafka.storage.internals.log.ProducerStateManager)
[2026-05-29 20:22:17,269] INFO [LogLoader partition=feature_store_updates-1, dir=/var/lib/kafka/data/logs] Producer state recovery took 1ms for snapshot load and 0ms for segment recovery from offset 100966 (kafka.log.UnifiedLog$)
[2026-05-29 20:22:17,272] INFO Completed load of Log(dir=/var/lib/kafka/data/logs/feature_store_updates-1, topicId=8i7fnLBERhWaUOW9dQoGnQ, topic=feature_store_updates, partition=1, highWatermark=0, lastStableOffset=0, logStartOffset=0, logEndOffset=100966) with 1 segments, local-log-start-offset 0 and log-end-offset 100966 in 14ms (40/84 completed in /var/lib/kafka/data/logs) (kafka.log.LogManager)
[2026-05-29 20:22:17,278] INFO [LogLoader partition=__consumer_offsets-32, dir=/var/lib/kafka/data/logs] Loading producer state till offset 0 with message format version 2 (kafka.log.UnifiedLog$)
[2026-05-29 20:22:17,285] INFO Completed load of Log(dir=/var/lib/kafka/data/logs/__consumer_offsets-32, topicId=BkeS2DU8R9-dAQqoBoBKSg, topic=__consumer_offsets, partition=32, highWatermark=0, lastStableOffset=0, logStartOffset=0, logEndOffset=0) with 1 segments, local-log-start-offset 0 and log-end-offset 0 in 12ms (41/84 completed in /var/lib/kafka/data/logs) (kafka.log.LogManager)
[2026-05-29 20:22:17,296] INFO Deleted producer state snapshot /var/lib/kafka/data/logs/raw_market_data_stream-2/00000000000000050671.snapshot (org.apache.kafka.storage.internals.log.SnapshotFile)
[2026-05-29 20:22:17,296] INFO [LogLoader partition=raw_market_data_stream-2, dir=/var/lib/kafka/data/logs] Loading producer state till offset 55820 with message format version 2 (kafka.log.UnifiedLog$)
[2026-05-29 20:22:17,296] INFO [LogLoader partition=raw_market_data_stream-2, dir=/var/lib/kafka/data/logs] Reloading from producer snapshot and rebuilding producer state from offset 55820 (kafka.log.UnifiedLog$)
[2026-05-29 20:22:17,296] INFO [ProducerStateManager partition=raw_market_data_stream-2] Loading producer state from snapshot file 'SnapshotFile(offset=55820, file=/var/lib/kafka/data/logs/raw_market_data_stream-2/00000000000000055820.snapshot)' (org.apache.kafka.storage.internals.log.ProducerStateManager)
[2026-05-29 20:22:17,298] INFO [LogLoader partition=raw_market_data_stream-2, dir=/var/lib/kafka/data/logs] Producer state recovery took 2ms for snapshot load and 0ms for segment recovery from offset 55820 (kafka.log.UnifiedLog$)
[2026-05-29 20:22:17,301] INFO Completed load of Log(dir=/var/lib/kafka/data/logs/raw_market_data_stream-2, topicId=EDvPdVSpRWCD6aG1wbdrBw, topic=raw_market_data_stream, partition=2, highWatermark=0, lastStableOffset=0, logStartOffset=0, logEndOffset=55820) with 1 segments, local-log-start-offset 0 and log-end-offset 55820 in 17ms (42/84 completed in /var/lib/kafka/data/logs) (kafka.log.LogManager)
[2026-05-29 20:22:17,314] INFO Deleted producer state snapshot /var/lib/kafka/data/logs/normalized_market_data_stream-2/00000000000000091556.snapshot (org.apache.kafka.storage.internals.log.SnapshotFile)
[2026-05-29 20:22:17,314] INFO [LogLoader partition=normalized_market_data_stream-2, dir=/var/lib/kafka/data/logs] Loading producer state till offset 101868 with message format version 2 (kafka.log.UnifiedLog$)
[2026-05-29 20:22:17,314] INFO [LogLoader partition=normalized_market_data_stream-2, dir=/var/lib/kafka/data/logs] Reloading from producer snapshot and rebuilding producer state from offset 101868 (kafka.log.UnifiedLog$)
[2026-05-29 20:22:17,315] INFO [ProducerStateManager partition=normalized_market_data_stream-2] Loading producer state from snapshot file 'SnapshotFile(offset=101868, file=/var/lib/kafka/data/logs/normalized_market_data_stream-2/00000000000000101868.snapshot)' (org.apache.kafka.storage.internals.log.ProducerStateManager)
[2026-05-29 20:22:17,316] INFO [LogLoader partition=normalized_market_data_stream-2, dir=/var/lib/kafka/data/logs] Producer state recovery took 1ms for snapshot load and 0ms for segment recovery from offset 101868 (kafka.log.UnifiedLog$)
[2026-05-29 20:22:17,318] INFO Completed load of Log(dir=/var/lib/kafka/data/logs/normalized_market_data_stream-2, topicId=oaooLXJLSYaXj8Z846xISA, topic=normalized_market_data_stream, partition=2, highWatermark=0, lastStableOffset=0, logStartOffset=0, logEndOffset=101868) with 1 segments, local-log-start-offset 0 and log-end-offset 101868 in 17ms (43/84 completed in /var/lib/kafka/data/logs) (kafka.log.LogManager)
[2026-05-29 20:22:17,329] INFO [LogLoader partition=broker_health_stream-1, dir=/var/lib/kafka/data/logs] Loading producer state till offset 0 with message format version 2 (kafka.log.UnifiedLog$)
[2026-05-29 20:22:17,336] INFO Completed load of Log(dir=/var/lib/kafka/data/logs/broker_health_stream-1, topicId=lP4Fx-kzSTCF3nbyewPE_Q, topic=broker_health_stream, partition=1, highWatermark=0, lastStableOffset=0, logStartOffset=0, logEndOffset=0) with 1 segments, local-log-start-offset 0 and log-end-offset 0 in 17ms (44/84 completed in /var/lib/kafka/data/logs) (kafka.log.LogManager)
[2026-05-29 20:22:17,341] INFO [LogLoader partition=__consumer_offsets-25, dir=/var/lib/kafka/data/logs] Loading producer state till offset 0 with message format version 2 (kafka.log.UnifiedLog$)
[2026-05-29 20:22:17,344] INFO Completed load of Log(dir=/var/lib/kafka/data/logs/__consumer_offsets-25, topicId=BkeS2DU8R9-dAQqoBoBKSg, topic=__consumer_offsets, partition=25, highWatermark=0, lastStableOffset=0, logStartOffset=0, logEndOffset=0) with 1 segments, local-log-start-offset 0 and log-end-offset 0 in 8ms (45/84 completed in /var/lib/kafka/data/logs) (kafka.log.LogManager)
[2026-05-29 20:22:17,349] INFO [LogLoader partition=__consumer_offsets-47, dir=/var/lib/kafka/data/logs] Loading producer state till offset 0 with message format version 2 (kafka.log.UnifiedLog$)
[2026-05-29 20:22:17,352] INFO Completed load of Log(dir=/var/lib/kafka/data/logs/__consumer_offsets-47, topicId=BkeS2DU8R9-dAQqoBoBKSg, topic=__consumer_offsets, partition=47, highWatermark=0, lastStableOffset=0, logStartOffset=0, logEndOffset=0) with 1 segments, local-log-start-offset 0 and log-end-offset 0 in 8ms (46/84 completed in /var/lib/kafka/data/logs) (kafka.log.LogManager)
[2026-05-29 20:22:17,373] INFO Deleted producer state snapshot /var/lib/kafka/data/logs/feature_store_updates-0/00000000000000091230.snapshot (org.apache.kafka.storage.internals.log.SnapshotFile)
[2026-05-29 20:22:17,373] INFO [LogLoader partition=feature_store_updates-0, dir=/var/lib/kafka/data/logs] Loading producer state till offset 101533 with message format version 2 (kafka.log.UnifiedLog$)
[2026-05-29 20:22:17,374] INFO [LogLoader partition=feature_store_updates-0, dir=/var/lib/kafka/data/logs] Reloading from producer snapshot and rebuilding producer state from offset 101533 (kafka.log.UnifiedLog$)
[2026-05-29 20:22:17,374] INFO [ProducerStateManager partition=feature_store_updates-0] Loading producer state from snapshot file 'SnapshotFile(offset=101533, file=/var/lib/kafka/data/logs/feature_store_updates-0/00000000000000101533.snapshot)' (org.apache.kafka.storage.internals.log.ProducerStateManager)
[2026-05-29 20:22:17,375] INFO [LogLoader partition=feature_store_updates-0, dir=/var/lib/kafka/data/logs] Producer state recovery took 1ms for snapshot load and 0ms for segment recovery from offset 101533 (kafka.log.UnifiedLog$)
[2026-05-29 20:22:17,377] INFO Completed load of Log(dir=/var/lib/kafka/data/logs/feature_store_updates-0, topicId=8i7fnLBERhWaUOW9dQoGnQ, topic=feature_store_updates, partition=0, highWatermark=0, lastStableOffset=0, logStartOffset=0, logEndOffset=101533) with 1 segments, local-log-start-offset 0 and log-end-offset 101533 in 25ms (47/84 completed in /var/lib/kafka/data/logs) (kafka.log.LogManager)
[2026-05-29 20:22:17,382] INFO [LogLoader partition=reconciliation_stream-1, dir=/var/lib/kafka/data/logs] Loading producer state till offset 0 with message format version 2 (kafka.log.UnifiedLog$)
[2026-05-29 20:22:17,385] INFO Completed load of Log(dir=/var/lib/kafka/data/logs/reconciliation_stream-1, topicId=zGoryF-VTgOZl3wn5c3oWQ, topic=reconciliation_stream, partition=1, highWatermark=0, lastStableOffset=0, logStartOffset=0, logEndOffset=0) with 1 segments, local-log-start-offset 0 and log-end-offset 0 in 7ms (48/84 completed in /var/lib/kafka/data/logs) (kafka.log.LogManager)
[2026-05-29 20:22:17,390] INFO [LogLoader partition=__consumer_offsets-0, dir=/var/lib/kafka/data/logs] Loading producer state till offset 0 with message format version 2 (kafka.log.UnifiedLog$)
[2026-05-29 20:22:17,392] INFO Completed load of Log(dir=/var/lib/kafka/data/logs/__consumer_offsets-0, topicId=BkeS2DU8R9-dAQqoBoBKSg, topic=__consumer_offsets, partition=0, highWatermark=0, lastStableOffset=0, logStartOffset=0, logEndOffset=0) with 1 segments, local-log-start-offset 0 and log-end-offset 0 in 7ms (49/84 completed in /var/lib/kafka/data/logs) (kafka.log.LogManager)
[2026-05-29 20:22:17,396] INFO [LogLoader partition=__consumer_offsets-7, dir=/var/lib/kafka/data/logs] Loading producer state till offset 0 with message format version 2 (kafka.log.UnifiedLog$)
[2026-05-29 20:22:17,399] INFO Completed load of Log(dir=/var/lib/kafka/data/logs/__consumer_offsets-7, topicId=BkeS2DU8R9-dAQqoBoBKSg, topic=__consumer_offsets, partition=7, highWatermark=0, lastStableOffset=0, logStartOffset=0, logEndOffset=0) with 1 segments, local-log-start-offset 0 and log-end-offset 0 in 6ms (50/84 completed in /var/lib/kafka/data/logs) (kafka.log.LogManager)
[2026-05-29 20:22:17,406] INFO [LogLoader partition=__consumer_offsets-33, dir=/var/lib/kafka/data/logs] Loading producer state till offset 0 with message format version 2 (kafka.log.UnifiedLog$)
[2026-05-29 20:22:17,410] INFO Completed load of Log(dir=/var/lib/kafka/data/logs/__consumer_offsets-33, topicId=BkeS2DU8R9-dAQqoBoBKSg, topic=__consumer_offsets, partition=33, highWatermark=0, lastStableOffset=0, logStartOffset=0, logEndOffset=0) with 1 segments, local-log-start-offset 0 and log-end-offset 0 in 10ms (51/84 completed in /var/lib/kafka/data/logs) (kafka.log.LogManager)
[2026-05-29 20:22:17,414] INFO [LogLoader partition=broker_dispatch_stream-1, dir=/var/lib/kafka/data/logs] Loading producer state till offset 0 with message format version 2 (kafka.log.UnifiedLog$)
[2026-05-29 20:22:17,416] INFO Completed load of Log(dir=/var/lib/kafka/data/logs/broker_dispatch_stream-1, topicId=d7UGjyQdTmOzKxf2ROYxtg, topic=broker_dispatch_stream, partition=1, highWatermark=0, lastStableOffset=0, logStartOffset=0, logEndOffset=0) with 1 segments, local-log-start-offset 0 and log-end-offset 0 in 6ms (52/84 completed in /var/lib/kafka/data/logs) (kafka.log.LogManager)
[2026-05-29 20:22:17,420] INFO [LogLoader partition=__consumer_offsets-11, dir=/var/lib/kafka/data/logs] Loading producer state till offset 0 with message format version 2 (kafka.log.UnifiedLog$)
[2026-05-29 20:22:17,424] INFO Completed load of Log(dir=/var/lib/kafka/data/logs/__consumer_offsets-11, topicId=BkeS2DU8R9-dAQqoBoBKSg, topic=__consumer_offsets, partition=11, highWatermark=0, lastStableOffset=0, logStartOffset=0, logEndOffset=0) with 1 segments, local-log-start-offset 0 and log-end-offset 0 in 8ms (53/84 completed in /var/lib/kafka/data/logs) (kafka.log.LogManager)
[2026-05-29 20:22:17,428] INFO [LogLoader partition=__consumer_offsets-22, dir=/var/lib/kafka/data/logs] Loading producer state till offset 0 with message format version 2 (kafka.log.UnifiedLog$)
[2026-05-29 20:22:17,432] INFO Completed load of Log(dir=/var/lib/kafka/data/logs/__consumer_offsets-22, topicId=BkeS2DU8R9-dAQqoBoBKSg, topic=__consumer_offsets, partition=22, highWatermark=0, lastStableOffset=0, logStartOffset=0, logEndOffset=0) with 1 segments, local-log-start-offset 0 and log-end-offset 0 in 7ms (54/84 completed in /var/lib/kafka/data/logs) (kafka.log.LogManager)
[2026-05-29 20:22:17,436] INFO [LogLoader partition=__consumer_offsets-29, dir=/var/lib/kafka/data/logs] Loading producer state till offset 0 with message format version 2 (kafka.log.UnifiedLog$)
[2026-05-29 20:22:17,439] INFO Completed load of Log(dir=/var/lib/kafka/data/logs/__consumer_offsets-29, topicId=BkeS2DU8R9-dAQqoBoBKSg, topic=__consumer_offsets, partition=29, highWatermark=0, lastStableOffset=0, logStartOffset=0, logEndOffset=0) with 1 segments, local-log-start-offset 0 and log-end-offset 0 in 7ms (55/84 completed in /var/lib/kafka/data/logs) (kafka.log.LogManager)
[2026-05-29 20:22:17,471] INFO [LogLoader partition=__consumer_offsets-26, dir=/var/lib/kafka/data/logs] Loading producer state till offset 0 with message format version 2 (kafka.log.UnifiedLog$)
[2026-05-29 20:22:17,474] INFO Completed load of Log(dir=/var/lib/kafka/data/logs/__consumer_offsets-26, topicId=BkeS2DU8R9-dAQqoBoBKSg, topic=__consumer_offsets, partition=26, highWatermark=0, lastStableOffset=0, logStartOffset=0, logEndOffset=0) with 1 segments, local-log-start-offset 0 and log-end-offset 0 in 6ms (56/84 completed in /var/lib/kafka/data/logs) (kafka.log.LogManager)
[2026-05-29 20:22:17,484] INFO Deleted producer state snapshot /var/lib/kafka/data/logs/normalized_market_data_stream-0/00000000000000090620.snapshot (org.apache.kafka.storage.internals.log.SnapshotFile)
[2026-05-29 20:22:17,484] INFO [LogLoader partition=normalized_market_data_stream-0, dir=/var/lib/kafka/data/logs] Loading producer state till offset 100919 with message format version 2 (kafka.log.UnifiedLog$)
[2026-05-29 20:22:17,485] INFO [LogLoader partition=normalized_market_data_stream-0, dir=/var/lib/kafka/data/logs] Reloading from producer snapshot and rebuilding producer state from offset 100919 (kafka.log.UnifiedLog$)
[2026-05-29 20:22:17,485] INFO [ProducerStateManager partition=normalized_market_data_stream-0] Loading producer state from snapshot file 'SnapshotFile(offset=100919, file=/var/lib/kafka/data/logs/normalized_market_data_stream-0/00000000000000100919.snapshot)' (org.apache.kafka.storage.internals.log.ProducerStateManager)
[2026-05-29 20:22:17,488] INFO [LogLoader partition=normalized_market_data_stream-0, dir=/var/lib/kafka/data/logs] Producer state recovery took 3ms for snapshot load and 0ms for segment recovery from offset 100919 (kafka.log.UnifiedLog$)
[2026-05-29 20:22:17,490] INFO Completed load of Log(dir=/var/lib/kafka/data/logs/normalized_market_data_stream-0, topicId=oaooLXJLSYaXj8Z846xISA, topic=normalized_market_data_stream, partition=0, highWatermark=0, lastStableOffset=0, logStartOffset=0, logEndOffset=100919) with 1 segments, local-log-start-offset 0 and log-end-offset 100919 in 17ms (57/84 completed in /var/lib/kafka/data/logs) (kafka.log.LogManager)
[2026-05-29 20:22:17,494] INFO [LogLoader partition=broker_execution_stream-0, dir=/var/lib/kafka/data/logs] Loading producer state till offset 0 with message format version 2 (kafka.log.UnifiedLog$)
[2026-05-29 20:22:17,495] INFO Completed load of Log(dir=/var/lib/kafka/data/logs/broker_execution_stream-0, topicId=odIP1IycTrSKV73cqTOJNg, topic=broker_execution_stream, partition=0, highWatermark=0, lastStableOffset=0, logStartOffset=0, logEndOffset=0) with 1 segments, local-log-start-offset 0 and log-end-offset 0 in 5ms (58/84 completed in /var/lib/kafka/data/logs) (kafka.log.LogManager)
[2026-05-29 20:22:17,499] INFO [LogLoader partition=broker_latency_stream-1, dir=/var/lib/kafka/data/logs] Loading producer state till offset 0 with message format version 2 (kafka.log.UnifiedLog$)
[2026-05-29 20:22:17,501] INFO Completed load of Log(dir=/var/lib/kafka/data/logs/broker_latency_stream-1, topicId=AC3UiNLlQgigA0dJbPWQZA, topic=broker_latency_stream, partition=1, highWatermark=0, lastStableOffset=0, logStartOffset=0, logEndOffset=0) with 1 segments, local-log-start-offset 0 and log-end-offset 0 in 6ms (59/84 completed in /var/lib/kafka/data/logs) (kafka.log.LogManager)
[2026-05-29 20:22:17,504] INFO [LogLoader partition=__consumer_offsets-8, dir=/var/lib/kafka/data/logs] Loading producer state till offset 0 with message format version 2 (kafka.log.UnifiedLog$)
[2026-05-29 20:22:17,507] INFO Completed load of Log(dir=/var/lib/kafka/data/logs/__consumer_offsets-8, topicId=BkeS2DU8R9-dAQqoBoBKSg, topic=__consumer_offsets, partition=8, highWatermark=0, lastStableOffset=0, logStartOffset=0, logEndOffset=0) with 1 segments, local-log-start-offset 0 and log-end-offset 0 in 5ms (60/84 completed in /var/lib/kafka/data/logs) (kafka.log.LogManager)
[2026-05-29 20:22:17,518] INFO Deleted producer state snapshot /var/lib/kafka/data/logs/feature_store_updates-2/00000000000000090061.snapshot (org.apache.kafka.storage.internals.log.SnapshotFile)
[2026-05-29 20:22:17,518] INFO [LogLoader partition=feature_store_updates-2, dir=/var/lib/kafka/data/logs] Loading producer state till offset 100270 with message format version 2 (kafka.log.UnifiedLog$)
[2026-05-29 20:22:17,518] INFO [LogLoader partition=feature_store_updates-2, dir=/var/lib/kafka/data/logs] Reloading from producer snapshot and rebuilding producer state from offset 100270 (kafka.log.UnifiedLog$)
[2026-05-29 20:22:17,518] INFO [ProducerStateManager partition=feature_store_updates-2] Loading producer state from snapshot file 'SnapshotFile(offset=100270, file=/var/lib/kafka/data/logs/feature_store_updates-2/00000000000000100270.snapshot)' (org.apache.kafka.storage.internals.log.ProducerStateManager)
[2026-05-29 20:22:17,520] INFO [LogLoader partition=feature_store_updates-2, dir=/var/lib/kafka/data/logs] Producer state recovery took 2ms for snapshot load and 0ms for segment recovery from offset 100270 (kafka.log.UnifiedLog$)
[2026-05-29 20:22:17,522] INFO Completed load of Log(dir=/var/lib/kafka/data/logs/feature_store_updates-2, topicId=8i7fnLBERhWaUOW9dQoGnQ, topic=feature_store_updates, partition=2, highWatermark=0, lastStableOffset=0, logStartOffset=0, logEndOffset=100270) with 1 segments, local-log-start-offset 0 and log-end-offset 100270 in 14ms (61/84 completed in /var/lib/kafka/data/logs) (kafka.log.LogManager)
[2026-05-29 20:22:17,530] INFO [LogLoader partition=__consumer_offsets-42, dir=/var/lib/kafka/data/logs] Loading producer state till offset 3 with message format version 2 (kafka.log.UnifiedLog$)
[2026-05-29 20:22:17,530] INFO [LogLoader partition=__consumer_offsets-42, dir=/var/lib/kafka/data/logs] Reloading from producer snapshot and rebuilding producer state from offset 3 (kafka.log.UnifiedLog$)
[2026-05-29 20:22:17,530] INFO [ProducerStateManager partition=__consumer_offsets-42] Loading producer state from snapshot file 'SnapshotFile(offset=3, file=/var/lib/kafka/data/logs/__consumer_offsets-42/00000000000000000003.snapshot)' (org.apache.kafka.storage.internals.log.ProducerStateManager)
[2026-05-29 20:22:17,532] INFO [LogLoader partition=__consumer_offsets-42, dir=/var/lib/kafka/data/logs] Producer state recovery took 2ms for snapshot load and 0ms for segment recovery from offset 3 (kafka.log.UnifiedLog$)
[2026-05-29 20:22:17,534] INFO Completed load of Log(dir=/var/lib/kafka/data/logs/__consumer_offsets-42, topicId=BkeS2DU8R9-dAQqoBoBKSg, topic=__consumer_offsets, partition=42, highWatermark=0, lastStableOffset=0, logStartOffset=0, logEndOffset=3) with 1 segments, local-log-start-offset 0 and log-end-offset 3 in 12ms (62/84 completed in /var/lib/kafka/data/logs) (kafka.log.LogManager)
[2026-05-29 20:22:17,538] INFO [LogLoader partition=__consumer_offsets-44, dir=/var/lib/kafka/data/logs] Loading producer state till offset 0 with message format version 2 (kafka.log.UnifiedLog$)
[2026-05-29 20:22:17,540] INFO Completed load of Log(dir=/var/lib/kafka/data/logs/__consumer_offsets-44, topicId=BkeS2DU8R9-dAQqoBoBKSg, topic=__consumer_offsets, partition=44, highWatermark=0, lastStableOffset=0, logStartOffset=0, logEndOffset=0) with 1 segments, local-log-start-offset 0 and log-end-offset 0 in 6ms (63/84 completed in /var/lib/kafka/data/logs) (kafka.log.LogManager)
[2026-05-29 20:22:17,550] INFO Deleted producer state snapshot /var/lib/kafka/data/logs/raw_market_data_stream-1/00000000000000050635.snapshot (org.apache.kafka.storage.internals.log.SnapshotFile)
[2026-05-29 20:22:17,550] INFO [LogLoader partition=raw_market_data_stream-1, dir=/var/lib/kafka/data/logs] Loading producer state till offset 55778 with message format version 2 (kafka.log.UnifiedLog$)
[2026-05-29 20:22:17,551] INFO [LogLoader partition=raw_market_data_stream-1, dir=/var/lib/kafka/data/logs] Reloading from producer snapshot and rebuilding producer state from offset 55778 (kafka.log.UnifiedLog$)
[2026-05-29 20:22:17,551] INFO [ProducerStateManager partition=raw_market_data_stream-1] Loading producer state from snapshot file 'SnapshotFile(offset=55778, file=/var/lib/kafka/data/logs/raw_market_data_stream-1/00000000000000055778.snapshot)' (org.apache.kafka.storage.internals.log.ProducerStateManager)
[2026-05-29 20:22:17,552] INFO [LogLoader partition=raw_market_data_stream-1, dir=/var/lib/kafka/data/logs] Producer state recovery took 1ms for snapshot load and 0ms for segment recovery from offset 55778 (kafka.log.UnifiedLog$)
[2026-05-29 20:22:17,554] INFO Completed load of Log(dir=/var/lib/kafka/data/logs/raw_market_data_stream-1, topicId=EDvPdVSpRWCD6aG1wbdrBw, topic=raw_market_data_stream, partition=1, highWatermark=0, lastStableOffset=0, logStartOffset=0, logEndOffset=55778) with 1 segments, local-log-start-offset 0 and log-end-offset 55778 in 14ms (64/84 completed in /var/lib/kafka/data/logs) (kafka.log.LogManager)
[2026-05-29 20:22:17,557] INFO [LogLoader partition=broker_execution_stream-2, dir=/var/lib/kafka/data/logs] Loading producer state till offset 0 with message format version 2 (kafka.log.UnifiedLog$)
[2026-05-29 20:22:17,559] INFO Completed load of Log(dir=/var/lib/kafka/data/logs/broker_execution_stream-2, topicId=odIP1IycTrSKV73cqTOJNg, topic=broker_execution_stream, partition=2, highWatermark=0, lastStableOffset=0, logStartOffset=0, logEndOffset=0) with 1 segments, local-log-start-offset 0 and log-end-offset 0 in 5ms (65/84 completed in /var/lib/kafka/data/logs) (kafka.log.LogManager)
[2026-05-29 20:22:17,562] INFO [LogLoader partition=broker_dispatch_stream-2, dir=/var/lib/kafka/data/logs] Loading producer state till offset 0 with message format version 2 (kafka.log.UnifiedLog$)
[2026-05-29 20:22:17,564] INFO Completed load of Log(dir=/var/lib/kafka/data/logs/broker_dispatch_stream-2, topicId=d7UGjyQdTmOzKxf2ROYxtg, topic=broker_dispatch_stream, partition=2, highWatermark=0, lastStableOffset=0, logStartOffset=0, logEndOffset=0) with 1 segments, local-log-start-offset 0 and log-end-offset 0 in 4ms (66/84 completed in /var/lib/kafka/data/logs) (kafka.log.LogManager)
[2026-05-29 20:22:17,590] INFO Deleted producer state snapshot /var/lib/kafka/data/logs/__consumer_offsets-15/00000000000000089168.snapshot (org.apache.kafka.storage.internals.log.SnapshotFile)
[2026-05-29 20:22:17,590] INFO [LogLoader partition=__consumer_offsets-15, dir=/var/lib/kafka/data/logs] Loading producer state till offset 98437 with message format version 2 (kafka.log.UnifiedLog$)
[2026-05-29 20:22:17,590] INFO [LogLoader partition=__consumer_offsets-15, dir=/var/lib/kafka/data/logs] Reloading from producer snapshot and rebuilding producer state from offset 98437 (kafka.log.UnifiedLog$)
[2026-05-29 20:22:17,590] INFO [ProducerStateManager partition=__consumer_offsets-15] Loading producer state from snapshot file 'SnapshotFile(offset=98437, file=/var/lib/kafka/data/logs/__consumer_offsets-15/00000000000000098437.snapshot)' (org.apache.kafka.storage.internals.log.ProducerStateManager)
[2026-05-29 20:22:17,592] INFO [LogLoader partition=__consumer_offsets-15, dir=/var/lib/kafka/data/logs] Producer state recovery took 2ms for snapshot load and 0ms for segment recovery from offset 98437 (kafka.log.UnifiedLog$)
[2026-05-29 20:22:17,594] INFO Completed load of Log(dir=/var/lib/kafka/data/logs/__consumer_offsets-15, topicId=BkeS2DU8R9-dAQqoBoBKSg, topic=__consumer_offsets, partition=15, highWatermark=0, lastStableOffset=0, logStartOffset=0, logEndOffset=98437) with 1 segments, local-log-start-offset 0 and log-end-offset 98437 in 29ms (67/84 completed in /var/lib/kafka/data/logs) (kafka.log.LogManager)
[2026-05-29 20:22:17,597] INFO [LogLoader partition=__consumer_offsets-9, dir=/var/lib/kafka/data/logs] Loading producer state till offset 0 with message format version 2 (kafka.log.UnifiedLog$)
[2026-05-29 20:22:17,600] INFO Completed load of Log(dir=/var/lib/kafka/data/logs/__consumer_offsets-9, topicId=BkeS2DU8R9-dAQqoBoBKSg, topic=__consumer_offsets, partition=9, highWatermark=0, lastStableOffset=0, logStartOffset=0, logEndOffset=0) with 1 segments, local-log-start-offset 0 and log-end-offset 0 in 5ms (68/84 completed in /var/lib/kafka/data/logs) (kafka.log.LogManager)
[2026-05-29 20:22:17,603] INFO [LogLoader partition=__consumer_offsets-36, dir=/var/lib/kafka/data/logs] Loading producer state till offset 0 with message format version 2 (kafka.log.UnifiedLog$)
[2026-05-29 20:22:17,611] INFO Completed load of Log(dir=/var/lib/kafka/data/logs/__consumer_offsets-36, topicId=BkeS2DU8R9-dAQqoBoBKSg, topic=__consumer_offsets, partition=36, highWatermark=0, lastStableOffset=0, logStartOffset=0, logEndOffset=0) with 1 segments, local-log-start-offset 0 and log-end-offset 0 in 11ms (69/84 completed in /var/lib/kafka/data/logs) (kafka.log.LogManager)
[2026-05-29 20:22:17,618] INFO [LogLoader partition=__consumer_offsets-46, dir=/var/lib/kafka/data/logs] Loading producer state till offset 0 with message format version 2 (kafka.log.UnifiedLog$)
[2026-05-29 20:22:17,621] INFO Completed load of Log(dir=/var/lib/kafka/data/logs/__consumer_offsets-46, topicId=BkeS2DU8R9-dAQqoBoBKSg, topic=__consumer_offsets, partition=46, highWatermark=0, lastStableOffset=0, logStartOffset=0, logEndOffset=0) with 1 segments, local-log-start-offset 0 and log-end-offset 0 in 10ms (70/84 completed in /var/lib/kafka/data/logs) (kafka.log.LogManager)
[2026-05-29 20:22:17,625] INFO [LogLoader partition=reconciliation_stream-0, dir=/var/lib/kafka/data/logs] Loading producer state till offset 0 with message format version 2 (kafka.log.UnifiedLog$)
[2026-05-29 20:22:17,627] INFO Completed load of Log(dir=/var/lib/kafka/data/logs/reconciliation_stream-0, topicId=zGoryF-VTgOZl3wn5c3oWQ, topic=reconciliation_stream, partition=0, highWatermark=0, lastStableOffset=0, logStartOffset=0, logEndOffset=0) with 1 segments, local-log-start-offset 0 and log-end-offset 0 in 5ms (71/84 completed in /var/lib/kafka/data/logs) (kafka.log.LogManager)
[2026-05-29 20:22:17,630] INFO [LogLoader partition=__consumer_offsets-3, dir=/var/lib/kafka/data/logs] Loading producer state till offset 0 with message format version 2 (kafka.log.UnifiedLog$)
[2026-05-29 20:22:17,632] INFO Completed load of Log(dir=/var/lib/kafka/data/logs/__consumer_offsets-3, topicId=BkeS2DU8R9-dAQqoBoBKSg, topic=__consumer_offsets, partition=3, highWatermark=0, lastStableOffset=0, logStartOffset=0, logEndOffset=0) with 1 segments, local-log-start-offset 0 and log-end-offset 0 in 5ms (72/84 completed in /var/lib/kafka/data/logs) (kafka.log.LogManager)
[2026-05-29 20:22:17,638] INFO [LogLoader partition=reconciliation_stream-2, dir=/var/lib/kafka/data/logs] Loading producer state till offset 0 with message format version 2 (kafka.log.UnifiedLog$)
[2026-05-29 20:22:17,640] INFO Completed load of Log(dir=/var/lib/kafka/data/logs/reconciliation_stream-2, topicId=zGoryF-VTgOZl3wn5c3oWQ, topic=reconciliation_stream, partition=2, highWatermark=0, lastStableOffset=0, logStartOffset=0, logEndOffset=0) with 1 segments, local-log-start-offset 0 and log-end-offset 0 in 8ms (73/84 completed in /var/lib/kafka/data/logs) (kafka.log.LogManager)
[2026-05-29 20:22:17,644] INFO [LogLoader partition=normalized_market_data_replay-0, dir=/var/lib/kafka/data/logs] Loading producer state till offset 0 with message format version 2 (kafka.log.UnifiedLog$)
[2026-05-29 20:22:17,646] INFO Completed load of Log(dir=/var/lib/kafka/data/logs/normalized_market_data_replay-0, topicId=SO5BHfwoShq-HdlUC8q0Yg, topic=normalized_market_data_replay, partition=0, highWatermark=0, lastStableOffset=0, logStartOffset=0, logEndOffset=0) with 1 segments, local-log-start-offset 0 and log-end-offset 0 in 5ms (74/84 completed in /var/lib/kafka/data/logs) (kafka.log.LogManager)
[2026-05-29 20:22:17,649] INFO [LogLoader partition=copy_trade_stream-2, dir=/var/lib/kafka/data/logs] Loading producer state till offset 0 with message format version 2 (kafka.log.UnifiedLog$)
[2026-05-29 20:22:17,652] INFO Completed load of Log(dir=/var/lib/kafka/data/logs/copy_trade_stream-2, topicId=Pm8FGxxaQkivm6l2Ufgocw, topic=copy_trade_stream, partition=2, highWatermark=0, lastStableOffset=0, logStartOffset=0, logEndOffset=0) with 1 segments, local-log-start-offset 0 and log-end-offset 0 in 5ms (75/84 completed in /var/lib/kafka/data/logs) (kafka.log.LogManager)
[2026-05-29 20:22:17,655] INFO [LogLoader partition=copy_trade_stream-1, dir=/var/lib/kafka/data/logs] Loading producer state till offset 0 with message format version 2 (kafka.log.UnifiedLog$)
[2026-05-29 20:22:17,656] INFO Completed load of Log(dir=/var/lib/kafka/data/logs/copy_trade_stream-1, topicId=Pm8FGxxaQkivm6l2Ufgocw, topic=copy_trade_stream, partition=1, highWatermark=0, lastStableOffset=0, logStartOffset=0, logEndOffset=0) with 1 segments, local-log-start-offset 0 and log-end-offset 0 in 5ms (76/84 completed in /var/lib/kafka/data/logs) (kafka.log.LogManager)
[2026-05-29 20:22:17,671] INFO [LogLoader partition=__consumer_offsets-20, dir=/var/lib/kafka/data/logs] Loading producer state till offset 3 with message format version 2 (kafka.log.UnifiedLog$)
[2026-05-29 20:22:17,671] INFO [LogLoader partition=__consumer_offsets-20, dir=/var/lib/kafka/data/logs] Reloading from producer snapshot and rebuilding producer state from offset 3 (kafka.log.UnifiedLog$)
[2026-05-29 20:22:17,672] INFO [ProducerStateManager partition=__consumer_offsets-20] Loading producer state from snapshot file 'SnapshotFile(offset=3, file=/var/lib/kafka/data/logs/__consumer_offsets-20/00000000000000000003.snapshot)' (org.apache.kafka.storage.internals.log.ProducerStateManager)
[2026-05-29 20:22:17,674] INFO [LogLoader partition=__consumer_offsets-20, dir=/var/lib/kafka/data/logs] Producer state recovery took 2ms for snapshot load and 0ms for segment recovery from offset 3 (kafka.log.UnifiedLog$)
[2026-05-29 20:22:17,677] INFO Completed load of Log(dir=/var/lib/kafka/data/logs/__consumer_offsets-20, topicId=BkeS2DU8R9-dAQqoBoBKSg, topic=__consumer_offsets, partition=20, highWatermark=0, lastStableOffset=0, logStartOffset=0, logEndOffset=3) with 1 segments, local-log-start-offset 0 and log-end-offset 3 in 21ms (77/84 completed in /var/lib/kafka/data/logs) (kafka.log.LogManager)
[2026-05-29 20:22:17,682] INFO [LogLoader partition=__consumer_offsets-17, dir=/var/lib/kafka/data/logs] Loading producer state till offset 0 with message format version 2 (kafka.log.UnifiedLog$)
[2026-05-29 20:22:17,684] INFO Completed load of Log(dir=/var/lib/kafka/data/logs/__consumer_offsets-17, topicId=BkeS2DU8R9-dAQqoBoBKSg, topic=__consumer_offsets, partition=17, highWatermark=0, lastStableOffset=0, logStartOffset=0, logEndOffset=0) with 1 segments, local-log-start-offset 0 and log-end-offset 0 in 7ms (78/84 completed in /var/lib/kafka/data/logs) (kafka.log.LogManager)
[2026-05-29 20:22:17,688] INFO [LogLoader partition=__consumer_offsets-21, dir=/var/lib/kafka/data/logs] Loading producer state till offset 0 with message format version 2 (kafka.log.UnifiedLog$)
[2026-05-29 20:22:17,691] INFO Completed load of Log(dir=/var/lib/kafka/data/logs/__consumer_offsets-21, topicId=BkeS2DU8R9-dAQqoBoBKSg, topic=__consumer_offsets, partition=21, highWatermark=0, lastStableOffset=0, logStartOffset=0, logEndOffset=0) with 1 segments, local-log-start-offset 0 and log-end-offset 0 in 6ms (79/84 completed in /var/lib/kafka/data/logs) (kafka.log.LogManager)
[2026-05-29 20:22:17,695] INFO [LogLoader partition=broker_health_stream-0, dir=/var/lib/kafka/data/logs] Loading producer state till offset 0 with message format version 2 (kafka.log.UnifiedLog$)
[2026-05-29 20:22:17,697] INFO Completed load of Log(dir=/var/lib/kafka/data/logs/broker_health_stream-0, topicId=lP4Fx-kzSTCF3nbyewPE_Q, topic=broker_health_stream, partition=0, highWatermark=0, lastStableOffset=0, logStartOffset=0, logEndOffset=0) with 1 segments, local-log-start-offset 0 and log-end-offset 0 in 6ms (80/84 completed in /var/lib/kafka/data/logs) (kafka.log.LogManager)
[2026-05-29 20:22:17,702] INFO [LogLoader partition=__consumer_offsets-43, dir=/var/lib/kafka/data/logs] Loading producer state till offset 0 with message format version 2 (kafka.log.UnifiedLog$)
[2026-05-29 20:22:17,704] INFO Completed load of Log(dir=/var/lib/kafka/data/logs/__consumer_offsets-43, topicId=BkeS2DU8R9-dAQqoBoBKSg, topic=__consumer_offsets, partition=43, highWatermark=0, lastStableOffset=0, logStartOffset=0, logEndOffset=0) with 1 segments, local-log-start-offset 0 and log-end-offset 0 in 7ms (81/84 completed in /var/lib/kafka/data/logs) (kafka.log.LogManager)
[2026-05-29 20:22:17,716] INFO [LogLoader partition=broker_health_stream-2, dir=/var/lib/kafka/data/logs] Loading producer state till offset 0 with message format version 2 (kafka.log.UnifiedLog$)
[2026-05-29 20:22:17,718] INFO Completed load of Log(dir=/var/lib/kafka/data/logs/broker_health_stream-2, topicId=lP4Fx-kzSTCF3nbyewPE_Q, topic=broker_health_stream, partition=2, highWatermark=0, lastStableOffset=0, logStartOffset=0, logEndOffset=0) with 1 segments, local-log-start-offset 0 and log-end-offset 0 in 14ms (82/84 completed in /var/lib/kafka/data/logs) (kafka.log.LogManager)
[2026-05-29 20:22:17,732] INFO [LogLoader partition=__consumer_offsets-49, dir=/var/lib/kafka/data/logs] Loading producer state till offset 3 with message format version 2 (kafka.log.UnifiedLog$)
[2026-05-29 20:22:17,732] INFO [LogLoader partition=__consumer_offsets-49, dir=/var/lib/kafka/data/logs] Reloading from producer snapshot and rebuilding producer state from offset 3 (kafka.log.UnifiedLog$)
[2026-05-29 20:22:17,732] INFO [ProducerStateManager partition=__consumer_offsets-49] Loading producer state from snapshot file 'SnapshotFile(offset=3, file=/var/lib/kafka/data/logs/__consumer_offsets-49/00000000000000000003.snapshot)' (org.apache.kafka.storage.internals.log.ProducerStateManager)
[2026-05-29 20:22:17,767] INFO [LogLoader partition=__consumer_offsets-49, dir=/var/lib/kafka/data/logs] Producer state recovery took 35ms for snapshot load and 0ms for segment recovery from offset 3 (kafka.log.UnifiedLog$)
[2026-05-29 20:22:17,769] INFO Completed load of Log(dir=/var/lib/kafka/data/logs/__consumer_offsets-49, topicId=BkeS2DU8R9-dAQqoBoBKSg, topic=__consumer_offsets, partition=49, highWatermark=0, lastStableOffset=0, logStartOffset=0, logEndOffset=3) with 1 segments, local-log-start-offset 0 and log-end-offset 3 in 51ms (83/84 completed in /var/lib/kafka/data/logs) (kafka.log.LogManager)
[2026-05-29 20:22:17,779] INFO Deleted producer state snapshot /var/lib/kafka/data/logs/__consumer_offsets-24/00000000000000088407.snapshot (org.apache.kafka.storage.internals.log.SnapshotFile)
[2026-05-29 20:22:17,780] INFO [LogLoader partition=__consumer_offsets-24, dir=/var/lib/kafka/data/logs] Loading producer state till offset 97676 with message format version 2 (kafka.log.UnifiedLog$)
[2026-05-29 20:22:17,780] INFO [LogLoader partition=__consumer_offsets-24, dir=/var/lib/kafka/data/logs] Reloading from producer snapshot and rebuilding producer state from offset 97676 (kafka.log.UnifiedLog$)
[2026-05-29 20:22:17,780] INFO [ProducerStateManager partition=__consumer_offsets-24] Loading producer state from snapshot file 'SnapshotFile(offset=97676, file=/var/lib/kafka/data/logs/__consumer_offsets-24/00000000000000097676.snapshot)' (org.apache.kafka.storage.internals.log.ProducerStateManager)
[2026-05-29 20:22:17,782] INFO [LogLoader partition=__consumer_offsets-24, dir=/var/lib/kafka/data/logs] Producer state recovery took 2ms for snapshot load and 0ms for segment recovery from offset 97676 (kafka.log.UnifiedLog$)
[2026-05-29 20:22:17,785] INFO Completed load of Log(dir=/var/lib/kafka/data/logs/__consumer_offsets-24, topicId=BkeS2DU8R9-dAQqoBoBKSg, topic=__consumer_offsets, partition=24, highWatermark=0, lastStableOffset=0, logStartOffset=0, logEndOffset=97676) with 1 segments, local-log-start-offset 0 and log-end-offset 97676 in 15ms (84/84 completed in /var/lib/kafka/data/logs) (kafka.log.LogManager)
[2026-05-29 20:22:17,789] INFO Loaded 84 logs in 1214ms (kafka.log.LogManager)
[2026-05-29 20:22:17,789] INFO Starting log cleanup with a period of 300000 ms. (kafka.log.LogManager)
[2026-05-29 20:22:17,790] INFO Starting log flusher with a default period of 9223372036854775807 ms. (kafka.log.LogManager)
[2026-05-29 20:22:17,910] INFO [kafka-log-cleaner-thread-0]: Starting (kafka.log.LogCleaner$CleanerThread)
[2026-05-29 20:22:17,914] INFO [AddPartitionsToTxnSenderThread-0]: Starting (kafka.server.AddPartitionsToTxnManager)
[2026-05-29 20:22:17,915] INFO [LogDirFailureHandler]: Starting (kafka.server.ReplicaManager$LogDirFailureHandler)
[2026-05-29 20:22:17,916] INFO [GroupCoordinator 0]: Starting up. (kafka.coordinator.group.GroupCoordinator)
[2026-05-29 20:22:17,918] INFO [GroupCoordinator 0]: Startup complete. (kafka.coordinator.group.GroupCoordinator)
[2026-05-29 20:22:17,919] INFO [TransactionCoordinator id=0] Starting up. (kafka.coordinator.transaction.TransactionCoordinator)
[2026-05-29 20:22:17,922] INFO [TransactionCoordinator id=0] Startup complete. (kafka.coordinator.transaction.TransactionCoordinator)
[2026-05-29 20:22:17,928] INFO [TxnMarkerSenderThread-0]: Starting (kafka.coordinator.transaction.TransactionMarkerChannelManager)
[2026-05-29 20:22:18,008] INFO [Partition broker_execution_stream-0 broker=0] Log loaded for partition broker_execution_stream-0 with initial high watermark 0 (kafka.cluster.Partition)
[2026-05-29 20:22:18,011] INFO [Partition raw_market_data_stream-2 broker=0] Log loaded for partition raw_market_data_stream-2 with initial high watermark 55820 (kafka.cluster.Partition)
[2026-05-29 20:22:18,012] INFO [Partition __consumer_offsets-13 broker=0] Log loaded for partition __consumer_offsets-13 with initial high watermark 0 (kafka.cluster.Partition)
[2026-05-29 20:22:18,068] INFO [Partition __consumer_offsets-46 broker=0] Log loaded for partition __consumer_offsets-46 with initial high watermark 0 (kafka.cluster.Partition)
[2026-05-29 20:22:18,069] INFO [Partition broker_health_stream-2 broker=0] Log loaded for partition broker_health_stream-2 with initial high watermark 0 (kafka.cluster.Partition)
[2026-05-29 20:22:18,070] INFO [Partition __consumer_offsets-9 broker=0] Log loaded for partition __consumer_offsets-9 with initial high watermark 0 (kafka.cluster.Partition)
[2026-05-29 20:22:18,071] INFO [Partition execution_session_stream-1 broker=0] Log loaded for partition execution_session_stream-1 with initial high watermark 0 (kafka.cluster.Partition)
[2026-05-29 20:22:18,071] INFO [Partition __consumer_offsets-42 broker=0] Log loaded for partition __consumer_offsets-42 with initial high watermark 3 (kafka.cluster.Partition)
[2026-05-29 20:22:18,072] INFO [Partition __consumer_offsets-21 broker=0] Log loaded for partition __consumer_offsets-21 with initial high watermark 0 (kafka.cluster.Partition)
[2026-05-29 20:22:18,072] INFO [Partition broker_latency_stream-2 broker=0] Log loaded for partition broker_latency_stream-2 with initial high watermark 0 (kafka.cluster.Partition)
[2026-05-29 20:22:18,073] INFO [Partition __consumer_offsets-17 broker=0] Log loaded for partition __consumer_offsets-17 with initial high watermark 0 (kafka.cluster.Partition)
[2026-05-29 20:22:18,074] INFO [Partition reconciliation_stream-0 broker=0] Log loaded for partition reconciliation_stream-0 with initial high watermark 0 (kafka.cluster.Partition)
[2026-05-29 20:22:18,075] INFO [Partition broker_dispatch_stream-2 broker=0] Log loaded for partition broker_dispatch_stream-2 with initial high watermark 0 (kafka.cluster.Partition)
[2026-05-29 20:22:18,076] INFO [Partition __consumer_offsets-30 broker=0] Log loaded for partition __consumer_offsets-30 with initial high watermark 0 (kafka.cluster.Partition)
[2026-05-29 20:22:18,077] INFO [Partition __consumer_offsets-26 broker=0] Log loaded for partition __consumer_offsets-26 with initial high watermark 0 (kafka.cluster.Partition)
[2026-05-29 20:22:18,078] INFO [Partition __consumer_offsets-5 broker=0] Log loaded for partition __consumer_offsets-5 with initial high watermark 3 (kafka.cluster.Partition)
[2026-05-29 20:22:18,079] INFO [Partition __consumer_offsets-38 broker=0] Log loaded for partition __consumer_offsets-38 with initial high watermark 0 (kafka.cluster.Partition)
[2026-05-29 20:22:18,079] INFO [Partition feature_store_updates-0 broker=0] Log loaded for partition feature_store_updates-0 with initial high watermark 101533 (kafka.cluster.Partition)
[2026-05-29 20:22:18,080] INFO [Partition __consumer_offsets-1 broker=0] Log loaded for partition __consumer_offsets-1 with initial high watermark 0 (kafka.cluster.Partition)
[2026-05-29 20:22:18,080] INFO [Partition __consumer_offsets-34 broker=0] Log loaded for partition __consumer_offsets-34 with initial high watermark 3 (kafka.cluster.Partition)
[2026-05-29 20:22:18,081] INFO [Partition copy_trade_stream-2 broker=0] Log loaded for partition copy_trade_stream-2 with initial high watermark 0 (kafka.cluster.Partition)
[2026-05-29 20:22:18,082] INFO [Partition __consumer_offsets-16 broker=0] Log loaded for partition __consumer_offsets-16 with initial high watermark 0 (kafka.cluster.Partition)
[2026-05-29 20:22:18,083] INFO [Partition __consumer_offsets-45 broker=0] Log loaded for partition __consumer_offsets-45 with initial high watermark 0 (kafka.cluster.Partition)
[2026-05-29 20:22:18,084] INFO [Partition raw_market_data_stream-1 broker=0] Log loaded for partition raw_market_data_stream-1 with initial high watermark 55778 (kafka.cluster.Partition)
[2026-05-29 20:22:18,084] INFO [Partition normalized_market_data_stream-0 broker=0] Log loaded for partition normalized_market_data_stream-0 with initial high watermark 100919 (kafka.cluster.Partition)
[2026-05-29 20:22:18,085] INFO [Partition __consumer_offsets-12 broker=0] Log loaded for partition __consumer_offsets-12 with initial high watermark 6 (kafka.cluster.Partition)
[2026-05-29 20:22:18,085] INFO [Partition copy_trade_audit_stream-0 broker=0] Log loaded for partition copy_trade_audit_stream-0 with initial high watermark 0 (kafka.cluster.Partition)
[2026-05-29 20:22:18,086] INFO [Partition execution_session_stream-0 broker=0] Log loaded for partition execution_session_stream-0 with initial high watermark 0 (kafka.cluster.Partition)
[2026-05-29 20:22:18,087] INFO [Partition __consumer_offsets-41 broker=0] Log loaded for partition __consumer_offsets-41 with initial high watermark 0 (kafka.cluster.Partition)
[2026-05-29 20:22:18,087] INFO [Partition __consumer_offsets-24 broker=0] Log loaded for partition __consumer_offsets-24 with initial high watermark 97676 (kafka.cluster.Partition)
[2026-05-29 20:22:18,088] INFO [Partition broker_dispatch_stream-0 broker=0] Log loaded for partition broker_dispatch_stream-0 with initial high watermark 0 (kafka.cluster.Partition)
[2026-05-29 20:22:18,088] INFO [Partition __consumer_offsets-20 broker=0] Log loaded for partition __consumer_offsets-20 with initial high watermark 3 (kafka.cluster.Partition)
[2026-05-29 20:22:18,089] INFO [Partition reconciliation_stream-1 broker=0] Log loaded for partition reconciliation_stream-1 with initial high watermark 0 (kafka.cluster.Partition)
[2026-05-29 20:22:18,090] INFO [Partition __consumer_offsets-49 broker=0] Log loaded for partition __consumer_offsets-49 with initial high watermark 3 (kafka.cluster.Partition)
[2026-05-29 20:22:18,090] INFO [Partition __consumer_offsets-0 broker=0] Log loaded for partition __consumer_offsets-0 with initial high watermark 0 (kafka.cluster.Partition)
[2026-05-29 20:22:18,091] INFO [Partition __consumer_offsets-29 broker=0] Log loaded for partition __consumer_offsets-29 with initial high watermark 0 (kafka.cluster.Partition)
[2026-05-29 20:22:18,091] INFO [Partition broker_dispatch_stream-1 broker=0] Log loaded for partition broker_dispatch_stream-1 with initial high watermark 0 (kafka.cluster.Partition)
[2026-05-29 20:22:18,092] INFO [Partition normalized_market_data_replay-0 broker=0] Log loaded for partition normalized_market_data_replay-0 with initial high watermark 0 (kafka.cluster.Partition)
[2026-05-29 20:22:18,092] INFO [Partition __consumer_offsets-25 broker=0] Log loaded for partition __consumer_offsets-25 with initial high watermark 0 (kafka.cluster.Partition)
[2026-05-29 20:22:18,093] INFO [Partition __consumer_offsets-8 broker=0] Log loaded for partition __consumer_offsets-8 with initial high watermark 0 (kafka.cluster.Partition)
[2026-05-29 20:22:18,094] INFO [Partition __consumer_offsets-37 broker=0] Log loaded for partition __consumer_offsets-37 with initial high watermark 3 (kafka.cluster.Partition)
[2026-05-29 20:22:18,095] INFO [Partition __consumer_offsets-4 broker=0] Log loaded for partition __consumer_offsets-4 with initial high watermark 0 (kafka.cluster.Partition)
[2026-05-29 20:22:18,095] INFO [Partition __consumer_offsets-33 broker=0] Log loaded for partition __consumer_offsets-33 with initial high watermark 0 (kafka.cluster.Partition)
[2026-05-29 20:22:18,096] INFO [Partition raw_market_data_stream-0 broker=0] Log loaded for partition raw_market_data_stream-0 with initial high watermark 55883 (kafka.cluster.Partition)
[2026-05-29 20:22:18,097] INFO [Partition broker_latency_stream-0 broker=0] Log loaded for partition broker_latency_stream-0 with initial high watermark 0 (kafka.cluster.Partition)
[2026-05-29 20:22:18,097] INFO [Partition __consumer_offsets-15 broker=0] Log loaded for partition __consumer_offsets-15 with initial high watermark 98437 (kafka.cluster.Partition)
[2026-05-29 20:22:18,098] INFO [Partition copy_trade_stream-1 broker=0] Log loaded for partition copy_trade_stream-1 with initial high watermark 0 (kafka.cluster.Partition)
[2026-05-29 20:22:18,098] INFO [Partition __consumer_offsets-48 broker=0] Log loaded for partition __consumer_offsets-48 with initial high watermark 0 (kafka.cluster.Partition)
[2026-05-29 20:22:18,099] INFO [Partition broker_execution_stream-2 broker=0] Log loaded for partition broker_execution_stream-2 with initial high watermark 0 (kafka.cluster.Partition)
[2026-05-29 20:22:18,100] INFO [Partition broker_health_stream-0 broker=0] Log loaded for partition broker_health_stream-0 with initial high watermark 0 (kafka.cluster.Partition)
[2026-05-29 20:22:18,100] INFO [Partition __consumer_offsets-11 broker=0] Log loaded for partition __consumer_offsets-11 with initial high watermark 0 (kafka.cluster.Partition)
[2026-05-29 20:22:18,101] INFO [Partition copy_trade_audit_stream-1 broker=0] Log loaded for partition copy_trade_audit_stream-1 with initial high watermark 0 (kafka.cluster.Partition)
[2026-05-29 20:22:18,101] INFO [Partition normalized_market_data_stream-1 broker=0] Log loaded for partition normalized_market_data_stream-1 with initial high watermark 101240 (kafka.cluster.Partition)
[2026-05-29 20:22:18,102] INFO [Partition __consumer_offsets-44 broker=0] Log loaded for partition __consumer_offsets-44 with initial high watermark 0 (kafka.cluster.Partition)
[2026-05-29 20:22:18,102] INFO [Partition __consumer_offsets-23 broker=0] Log loaded for partition __consumer_offsets-23 with initial high watermark 0 (kafka.cluster.Partition)
[2026-05-29 20:22:18,103] INFO [Partition reconciliation_stream-2 broker=0] Log loaded for partition reconciliation_stream-2 with initial high watermark 0 (kafka.cluster.Partition)
[2026-05-29 20:22:18,104] INFO [Partition __consumer_offsets-19 broker=0] Log loaded for partition __consumer_offsets-19 with initial high watermark 0 (kafka.cluster.Partition)
[2026-05-29 20:22:18,104] INFO [Partition __consumer_offsets-32 broker=0] Log loaded for partition __consumer_offsets-32 with initial high watermark 0 (kafka.cluster.Partition)
[2026-05-29 20:22:18,105] INFO [Partition __consumer_offsets-28 broker=0] Log loaded for partition __consumer_offsets-28 with initial high watermark 0 (kafka.cluster.Partition)
[2026-05-29 20:22:18,105] INFO [Partition __consumer_offsets-7 broker=0] Log loaded for partition __consumer_offsets-7 with initial high watermark 0 (kafka.cluster.Partition)
[2026-05-29 20:22:18,106] INFO [Partition __consumer_offsets-40 broker=0] Log loaded for partition __consumer_offsets-40 with initial high watermark 0 (kafka.cluster.Partition)
[2026-05-29 20:22:18,107] INFO [Partition feature_store_updates-2 broker=0] Log loaded for partition feature_store_updates-2 with initial high watermark 100270 (kafka.cluster.Partition)
[2026-05-29 20:22:18,107] INFO [Partition __consumer_offsets-3 broker=0] Log loaded for partition __consumer_offsets-3 with initial high watermark 0 (kafka.cluster.Partition)
[2026-05-29 20:22:18,108] INFO [Partition __consumer_offsets-36 broker=0] Log loaded for partition __consumer_offsets-36 with initial high watermark 0 (kafka.cluster.Partition)
[2026-05-29 20:22:18,109] INFO [Partition __consumer_offsets-47 broker=0] Log loaded for partition __consumer_offsets-47 with initial high watermark 0 (kafka.cluster.Partition)
[2026-05-29 20:22:18,109] INFO [Partition copy_trade_stream-0 broker=0] Log loaded for partition copy_trade_stream-0 with initial high watermark 0 (kafka.cluster.Partition)
[2026-05-29 20:22:18,110] INFO [Partition broker_execution_stream-1 broker=0] Log loaded for partition broker_execution_stream-1 with initial high watermark 0 (kafka.cluster.Partition)
[2026-05-29 20:22:18,111] INFO [Partition __consumer_offsets-14 broker=0] Log loaded for partition __consumer_offsets-14 with initial high watermark 3 (kafka.cluster.Partition)
[2026-05-29 20:22:18,111] INFO [Partition copy_trade_audit_stream-2 broker=0] Log loaded for partition copy_trade_audit_stream-2 with initial high watermark 0 (kafka.cluster.Partition)
[2026-05-29 20:22:18,168] INFO [Partition __consumer_offsets-43 broker=0] Log loaded for partition __consumer_offsets-43 with initial high watermark 0 (kafka.cluster.Partition)
[2026-05-29 20:22:18,168] INFO [Partition normalized_market_data_stream-2 broker=0] Log loaded for partition normalized_market_data_stream-2 with initial high watermark 101868 (kafka.cluster.Partition)
[2026-05-29 20:22:18,169] INFO [Partition broker_health_stream-1 broker=0] Log loaded for partition broker_health_stream-1 with initial high watermark 0 (kafka.cluster.Partition)
[2026-05-29 20:22:18,169] INFO [Partition __consumer_offsets-10 broker=0] Log loaded for partition __consumer_offsets-10 with initial high watermark 0 (kafka.cluster.Partition)
[2026-05-29 20:22:18,170] INFO [Partition __consumer_offsets-22 broker=0] Log loaded for partition __consumer_offsets-22 with initial high watermark 0 (kafka.cluster.Partition)
[2026-05-29 20:22:18,170] INFO [Partition broker_latency_stream-1 broker=0] Log loaded for partition broker_latency_stream-1 with initial high watermark 0 (kafka.cluster.Partition)
[2026-05-29 20:22:18,171] INFO [Partition __consumer_offsets-18 broker=0] Log loaded for partition __consumer_offsets-18 with initial high watermark 3 (kafka.cluster.Partition)
[2026-05-29 20:22:18,172] INFO [Partition __consumer_offsets-31 broker=0] Log loaded for partition __consumer_offsets-31 with initial high watermark 0 (kafka.cluster.Partition)
[2026-05-29 20:22:18,173] INFO [Partition __consumer_offsets-27 broker=0] Log loaded for partition __consumer_offsets-27 with initial high watermark 0 (kafka.cluster.Partition)
[2026-05-29 20:22:18,173] INFO [Partition execution_session_stream-2 broker=0] Log loaded for partition execution_session_stream-2 with initial high watermark 0 (kafka.cluster.Partition)
[2026-05-29 20:22:18,174] INFO [Partition __consumer_offsets-39 broker=0] Log loaded for partition __consumer_offsets-39 with initial high watermark 59429 (kafka.cluster.Partition)
[2026-05-29 20:22:18,174] INFO [Partition feature_store_updates-1 broker=0] Log loaded for partition feature_store_updates-1 with initial high watermark 100966 (kafka.cluster.Partition)
[2026-05-29 20:22:18,175] INFO [Partition __consumer_offsets-6 broker=0] Log loaded for partition __consumer_offsets-6 with initial high watermark 0 (kafka.cluster.Partition)
[2026-05-29 20:22:18,176] INFO [Partition __consumer_offsets-35 broker=0] Log loaded for partition __consumer_offsets-35 with initial high watermark 0 (kafka.cluster.Partition)
[2026-05-29 20:22:18,176] INFO [Partition __consumer_offsets-2 broker=0] Log loaded for partition __consumer_offsets-2 with initial high watermark 0 (kafka.cluster.Partition)
[2026-05-29 20:22:18,178] INFO [ReplicaFetcherManager on broker 0] Removed fetcher for partitions Set(broker_execution_stream-0, raw_market_data_stream-2, __consumer_offsets-13, __consumer_offsets-46, __consumer_offsets-9, broker_health_stream-2, execution_session_stream-1, __consumer_offsets-42, __consumer_offsets-21, broker_latency_stream-2, __consumer_offsets-17, reconciliation_stream-0, broker_dispatch_stream-2, __consumer_offsets-30, __consumer_offsets-26, __consumer_offsets-5, __consumer_offsets-38, feature_store_updates-0, __consumer_offsets-1, __consumer_offsets-34, copy_trade_stream-2, __consumer_offsets-16, __consumer_offsets-45, raw_market_data_stream-1, normalized_market_data_stream-0, __consumer_offsets-12, execution_session_stream-0, __consumer_offsets-41, copy_trade_audit_stream-0, __consumer_offsets-24, broker_dispatch_stream-0, __consumer_offsets-20, reconciliation_stream-1, __consumer_offsets-49, __consumer_offsets-0, __consumer_offsets-29, broker_dispatch_stream-1, normalized_market_data_replay-0, __consumer_offsets-25, __consumer_offsets-8, __consumer_offsets-37, __consumer_offsets-4, __consumer_offsets-33, broker_latency_stream-0, raw_market_data_stream-0, __consumer_offsets-15, __consumer_offsets-48, copy_trade_stream-1, broker_execution_stream-2, __consumer_offsets-11, broker_health_stream-0, __consumer_offsets-44, normalized_market_data_stream-1, copy_trade_audit_stream-1, __consumer_offsets-23, reconciliation_stream-2, __consumer_offsets-19, __consumer_offsets-32, __consumer_offsets-28, __consumer_offsets-7, __consumer_offsets-40, feature_store_updates-2, __consumer_offsets-3, __consumer_offsets-36, __consumer_offsets-47, broker_execution_stream-1, copy_trade_stream-0, __consumer_offsets-14, __consumer_offsets-43, copy_trade_audit_stream-2, normalized_market_data_stream-2, __consumer_offsets-10, broker_health_stream-1, __consumer_offsets-22, broker_latency_stream-1, __consumer_offsets-18, __consumer_offsets-31, __consumer_offsets-27, execution_session_stream-2, __consumer_offsets-39, feature_store_updates-1, __consumer_offsets-6, __consumer_offsets-35, __consumer_offsets-2) (kafka.server.ReplicaFetcherManager)
[2026-05-29 20:22:18,196] INFO [GroupCoordinator 0]: Resigned as the group coordinator for partition 13 in epoch OptionalInt[25] (kafka.coordinator.group.GroupCoordinator)
[2026-05-29 20:22:18,196] INFO [GroupMetadataManager brokerId=0] Scheduling unloading of offsets and group metadata from __consumer_offsets-13 (kafka.coordinator.group.GroupMetadataManager)
[2026-05-29 20:22:18,197] INFO [GroupCoordinator 0]: Resigned as the group coordinator for partition 46 in epoch OptionalInt[25] (kafka.coordinator.group.GroupCoordinator)
[2026-05-29 20:22:18,197] INFO [GroupMetadataManager brokerId=0] Scheduling unloading of offsets and group metadata from __consumer_offsets-46 (kafka.coordinator.group.GroupMetadataManager)
[2026-05-29 20:22:18,197] INFO [GroupCoordinator 0]: Resigned as the group coordinator for partition 9 in epoch OptionalInt[25] (kafka.coordinator.group.GroupCoordinator)
[2026-05-29 20:22:18,197] INFO [GroupMetadataManager brokerId=0] Scheduling unloading of offsets and group metadata from __consumer_offsets-9 (kafka.coordinator.group.GroupMetadataManager)
[2026-05-29 20:22:18,197] INFO [GroupCoordinator 0]: Resigned as the group coordinator for partition 42 in epoch OptionalInt[25] (kafka.coordinator.group.GroupCoordinator)
[2026-05-29 20:22:18,197] INFO [GroupMetadataManager brokerId=0] Scheduling unloading of offsets and group metadata from __consumer_offsets-42 (kafka.coordinator.group.GroupMetadataManager)
[2026-05-29 20:22:18,197] INFO [GroupCoordinator 0]: Resigned as the group coordinator for partition 21 in epoch OptionalInt[25] (kafka.coordinator.group.GroupCoordinator)
[2026-05-29 20:22:18,197] INFO [GroupMetadataManager brokerId=0] Scheduling unloading of offsets and group metadata from __consumer_offsets-21 (kafka.coordinator.group.GroupMetadataManager)
[2026-05-29 20:22:18,197] INFO [GroupCoordinator 0]: Resigned as the group coordinator for partition 17 in epoch OptionalInt[25] (kafka.coordinator.group.GroupCoordinator)
[2026-05-29 20:22:18,197] INFO [GroupMetadataManager brokerId=0] Scheduling unloading of offsets and group metadata from __consumer_offsets-17 (kafka.coordinator.group.GroupMetadataManager)
[2026-05-29 20:22:18,197] INFO [GroupCoordinator 0]: Resigned as the group coordinator for partition 30 in epoch OptionalInt[25] (kafka.coordinator.group.GroupCoordinator)
[2026-05-29 20:22:18,197] INFO [GroupMetadataManager brokerId=0] Scheduling unloading of offsets and group metadata from __consumer_offsets-30 (kafka.coordinator.group.GroupMetadataManager)
[2026-05-29 20:22:18,197] INFO [GroupCoordinator 0]: Resigned as the group coordinator for partition 26 in epoch OptionalInt[25] (kafka.coordinator.group.GroupCoordinator)
[2026-05-29 20:22:18,197] INFO [GroupMetadataManager brokerId=0] Scheduling unloading of offsets and group metadata from __consumer_offsets-26 (kafka.coordinator.group.GroupMetadataManager)
[2026-05-29 20:22:18,197] INFO [GroupCoordinator 0]: Resigned as the group coordinator for partition 5 in epoch OptionalInt[25] (kafka.coordinator.group.GroupCoordinator)
[2026-05-29 20:22:18,198] INFO [GroupMetadataManager brokerId=0] Scheduling unloading of offsets and group metadata from __consumer_offsets-5 (kafka.coordinator.group.GroupMetadataManager)
[2026-05-29 20:22:18,198] INFO [GroupCoordinator 0]: Resigned as the group coordinator for partition 38 in epoch OptionalInt[25] (kafka.coordinator.group.GroupCoordinator)
[2026-05-29 20:22:18,198] INFO [GroupMetadataManager brokerId=0] Scheduling unloading of offsets and group metadata from __consumer_offsets-38 (kafka.coordinator.group.GroupMetadataManager)
[2026-05-29 20:22:18,198] INFO [GroupCoordinator 0]: Resigned as the group coordinator for partition 1 in epoch OptionalInt[25] (kafka.coordinator.group.GroupCoordinator)
[2026-05-29 20:22:18,198] INFO [GroupMetadataManager brokerId=0] Scheduling unloading of offsets and group metadata from __consumer_offsets-1 (kafka.coordinator.group.GroupMetadataManager)
[2026-05-29 20:22:18,198] INFO [GroupCoordinator 0]: Resigned as the group coordinator for partition 34 in epoch OptionalInt[25] (kafka.coordinator.group.GroupCoordinator)
[2026-05-29 20:22:18,198] INFO [GroupMetadataManager brokerId=0] Scheduling unloading of offsets and group metadata from __consumer_offsets-34 (kafka.coordinator.group.GroupMetadataManager)
[2026-05-29 20:22:18,198] INFO [GroupCoordinator 0]: Resigned as the group coordinator for partition 16 in epoch OptionalInt[25] (kafka.coordinator.group.GroupCoordinator)
[2026-05-29 20:22:18,198] INFO [GroupMetadataManager brokerId=0] Scheduling unloading of offsets and group metadata from __consumer_offsets-16 (kafka.coordinator.group.GroupMetadataManager)
[2026-05-29 20:22:18,198] INFO [GroupCoordinator 0]: Resigned as the group coordinator for partition 45 in epoch OptionalInt[25] (kafka.coordinator.group.GroupCoordinator)
[2026-05-29 20:22:18,198] INFO [GroupMetadataManager brokerId=0] Scheduling unloading of offsets and group metadata from __consumer_offsets-45 (kafka.coordinator.group.GroupMetadataManager)
[2026-05-29 20:22:18,199] INFO [GroupCoordinator 0]: Resigned as the group coordinator for partition 12 in epoch OptionalInt[25] (kafka.coordinator.group.GroupCoordinator)
[2026-05-29 20:22:18,199] INFO [GroupMetadataManager brokerId=0] Scheduling unloading of offsets and group metadata from __consumer_offsets-12 (kafka.coordinator.group.GroupMetadataManager)
[2026-05-29 20:22:18,199] INFO [GroupCoordinator 0]: Resigned as the group coordinator for partition 41 in epoch OptionalInt[25] (kafka.coordinator.group.GroupCoordinator)
[2026-05-29 20:22:18,199] INFO [GroupMetadataManager brokerId=0] Scheduling unloading of offsets and group metadata from __consumer_offsets-41 (kafka.coordinator.group.GroupMetadataManager)
[2026-05-29 20:22:18,199] INFO [GroupCoordinator 0]: Resigned as the group coordinator for partition 24 in epoch OptionalInt[25] (kafka.coordinator.group.GroupCoordinator)
[2026-05-29 20:22:18,199] INFO [GroupMetadataManager brokerId=0] Scheduling unloading of offsets and group metadata from __consumer_offsets-24 (kafka.coordinator.group.GroupMetadataManager)
[2026-05-29 20:22:18,199] INFO [GroupCoordinator 0]: Resigned as the group coordinator for partition 20 in epoch OptionalInt[25] (kafka.coordinator.group.GroupCoordinator)
[2026-05-29 20:22:18,199] INFO [GroupMetadataManager brokerId=0] Scheduling unloading of offsets and group metadata from __consumer_offsets-20 (kafka.coordinator.group.GroupMetadataManager)
[2026-05-29 20:22:18,199] INFO [GroupCoordinator 0]: Resigned as the group coordinator for partition 49 in epoch OptionalInt[25] (kafka.coordinator.group.GroupCoordinator)
[2026-05-29 20:22:18,199] INFO [GroupMetadataManager brokerId=0] Scheduling unloading of offsets and group metadata from __consumer_offsets-49 (kafka.coordinator.group.GroupMetadataManager)
[2026-05-29 20:22:18,199] INFO [GroupCoordinator 0]: Resigned as the group coordinator for partition 0 in epoch OptionalInt[25] (kafka.coordinator.group.GroupCoordinator)
[2026-05-29 20:22:18,199] INFO [GroupMetadataManager brokerId=0] Scheduling unloading of offsets and group metadata from __consumer_offsets-0 (kafka.coordinator.group.GroupMetadataManager)
[2026-05-29 20:22:18,199] INFO [GroupCoordinator 0]: Resigned as the group coordinator for partition 29 in epoch OptionalInt[25] (kafka.coordinator.group.GroupCoordinator)
[2026-05-29 20:22:18,200] INFO [GroupMetadataManager brokerId=0] Finished unloading __consumer_offsets-13 for coordinator epoch OptionalInt[25]. Removed 0 cached offsets and 0 cached groups. (kafka.coordinator.group.GroupMetadataManager)
[2026-05-29 20:22:18,200] INFO [GroupMetadataManager brokerId=0] Scheduling unloading of offsets and group metadata from __consumer_offsets-29 (kafka.coordinator.group.GroupMetadataManager)
[2026-05-29 20:22:18,200] INFO [GroupCoordinator 0]: Resigned as the group coordinator for partition 25 in epoch OptionalInt[25] (kafka.coordinator.group.GroupCoordinator)
[2026-05-29 20:22:18,200] INFO [GroupMetadataManager brokerId=0] Finished unloading __consumer_offsets-46 for coordinator epoch OptionalInt[25]. Removed 0 cached offsets and 0 cached groups. (kafka.coordinator.group.GroupMetadataManager)
[2026-05-29 20:22:18,200] INFO [GroupMetadataManager brokerId=0] Scheduling unloading of offsets and group metadata from __consumer_offsets-25 (kafka.coordinator.group.GroupMetadataManager)
[2026-05-29 20:22:18,200] INFO [GroupMetadataManager brokerId=0] Finished unloading __consumer_offsets-9 for coordinator epoch OptionalInt[25]. Removed 0 cached offsets and 0 cached groups. (kafka.coordinator.group.GroupMetadataManager)
[2026-05-29 20:22:18,200] INFO [GroupCoordinator 0]: Resigned as the group coordinator for partition 8 in epoch OptionalInt[25] (kafka.coordinator.group.GroupCoordinator)
[2026-05-29 20:22:18,200] INFO [GroupMetadataManager brokerId=0] Scheduling unloading of offsets and group metadata from __consumer_offsets-8 (kafka.coordinator.group.GroupMetadataManager)
[2026-05-29 20:22:18,200] INFO [GroupMetadataManager brokerId=0] Finished unloading __consumer_offsets-42 for coordinator epoch OptionalInt[25]. Removed 0 cached offsets and 0 cached groups. (kafka.coordinator.group.GroupMetadataManager)
[2026-05-29 20:22:18,200] INFO [GroupCoordinator 0]: Resigned as the group coordinator for partition 37 in epoch OptionalInt[25] (kafka.coordinator.group.GroupCoordinator)
[2026-05-29 20:22:18,201] INFO [GroupMetadataManager brokerId=0] Finished unloading __consumer_offsets-21 for coordinator epoch OptionalInt[25]. Removed 0 cached offsets and 0 cached groups. (kafka.coordinator.group.GroupMetadataManager)
[2026-05-29 20:22:18,201] INFO [GroupMetadataManager brokerId=0] Scheduling unloading of offsets and group metadata from __consumer_offsets-37 (kafka.coordinator.group.GroupMetadataManager)
[2026-05-29 20:22:18,201] INFO [GroupMetadataManager brokerId=0] Finished unloading __consumer_offsets-17 for coordinator epoch OptionalInt[25]. Removed 0 cached offsets and 0 cached groups. (kafka.coordinator.group.GroupMetadataManager)
[2026-05-29 20:22:18,201] INFO [GroupCoordinator 0]: Resigned as the group coordinator for partition 4 in epoch OptionalInt[25] (kafka.coordinator.group.GroupCoordinator)
[2026-05-29 20:22:18,201] INFO [GroupMetadataManager brokerId=0] Finished unloading __consumer_offsets-30 for coordinator epoch OptionalInt[25]. Removed 0 cached offsets and 0 cached groups. (kafka.coordinator.group.GroupMetadataManager)
[2026-05-29 20:22:18,201] INFO [GroupMetadataManager brokerId=0] Finished unloading __consumer_offsets-26 for coordinator epoch OptionalInt[25]. Removed 0 cached offsets and 0 cached groups. (kafka.coordinator.group.GroupMetadataManager)
[2026-05-29 20:22:18,201] INFO [GroupMetadataManager brokerId=0] Scheduling unloading of offsets and group metadata from __consumer_offsets-4 (kafka.coordinator.group.GroupMetadataManager)
[2026-05-29 20:22:18,201] INFO [GroupMetadataManager brokerId=0] Finished unloading __consumer_offsets-5 for coordinator epoch OptionalInt[25]. Removed 0 cached offsets and 0 cached groups. (kafka.coordinator.group.GroupMetadataManager)
[2026-05-29 20:22:18,201] INFO [GroupMetadataManager brokerId=0] Finished unloading __consumer_offsets-38 for coordinator epoch OptionalInt[25]. Removed 0 cached offsets and 0 cached groups. (kafka.coordinator.group.GroupMetadataManager)
[2026-05-29 20:22:18,201] INFO [GroupMetadataManager brokerId=0] Finished unloading __consumer_offsets-1 for coordinator epoch OptionalInt[25]. Removed 0 cached offsets and 0 cached groups. (kafka.coordinator.group.GroupMetadataManager)
[2026-05-29 20:22:18,201] INFO [GroupCoordinator 0]: Resigned as the group coordinator for partition 33 in epoch OptionalInt[25] (kafka.coordinator.group.GroupCoordinator)
[2026-05-29 20:22:18,201] INFO [GroupMetadataManager brokerId=0] Finished unloading __consumer_offsets-34 for coordinator epoch OptionalInt[25]. Removed 0 cached offsets and 0 cached groups. (kafka.coordinator.group.GroupMetadataManager)
[2026-05-29 20:22:18,202] INFO [GroupMetadataManager brokerId=0] Scheduling unloading of offsets and group metadata from __consumer_offsets-33 (kafka.coordinator.group.GroupMetadataManager)
[2026-05-29 20:22:18,202] INFO [GroupMetadataManager brokerId=0] Finished unloading __consumer_offsets-16 for coordinator epoch OptionalInt[25]. Removed 0 cached offsets and 0 cached groups. (kafka.coordinator.group.GroupMetadataManager)
[2026-05-29 20:22:18,202] INFO [GroupMetadataManager brokerId=0] Finished unloading __consumer_offsets-45 for coordinator epoch OptionalInt[25]. Removed 0 cached offsets and 0 cached groups. (kafka.coordinator.group.GroupMetadataManager)
[2026-05-29 20:22:18,202] INFO [GroupMetadataManager brokerId=0] Finished unloading __consumer_offsets-12 for coordinator epoch OptionalInt[25]. Removed 0 cached offsets and 0 cached groups. (kafka.coordinator.group.GroupMetadataManager)
[2026-05-29 20:22:18,202] INFO [GroupCoordinator 0]: Resigned as the group coordinator for partition 15 in epoch OptionalInt[25] (kafka.coordinator.group.GroupCoordinator)
[2026-05-29 20:22:18,202] INFO [GroupMetadataManager brokerId=0] Finished unloading __consumer_offsets-41 for coordinator epoch OptionalInt[25]. Removed 0 cached offsets and 0 cached groups. (kafka.coordinator.group.GroupMetadataManager)
[2026-05-29 20:22:18,202] INFO [GroupMetadataManager brokerId=0] Scheduling unloading of offsets and group metadata from __consumer_offsets-15 (kafka.coordinator.group.GroupMetadataManager)
[2026-05-29 20:22:18,202] INFO [GroupMetadataManager brokerId=0] Finished unloading __consumer_offsets-24 for coordinator epoch OptionalInt[25]. Removed 0 cached offsets and 0 cached groups. (kafka.coordinator.group.GroupMetadataManager)
[2026-05-29 20:22:18,203] INFO [GroupCoordinator 0]: Resigned as the group coordinator for partition 48 in epoch OptionalInt[25] (kafka.coordinator.group.GroupCoordinator)
[2026-05-29 20:22:18,203] INFO [GroupMetadataManager brokerId=0] Finished unloading __consumer_offsets-20 for coordinator epoch OptionalInt[25]. Removed 0 cached offsets and 0 cached groups. (kafka.coordinator.group.GroupMetadataManager)
[2026-05-29 20:22:18,203] INFO [GroupMetadataManager brokerId=0] Finished unloading __consumer_offsets-49 for coordinator epoch OptionalInt[25]. Removed 0 cached offsets and 0 cached groups. (kafka.coordinator.group.GroupMetadataManager)
[2026-05-29 20:22:18,203] INFO [GroupMetadataManager brokerId=0] Finished unloading __consumer_offsets-0 for coordinator epoch OptionalInt[25]. Removed 0 cached offsets and 0 cached groups. (kafka.coordinator.group.GroupMetadataManager)
[2026-05-29 20:22:18,203] INFO [GroupMetadataManager brokerId=0] Scheduling unloading of offsets and group metadata from __consumer_offsets-48 (kafka.coordinator.group.GroupMetadataManager)
[2026-05-29 20:22:18,203] INFO [GroupMetadataManager brokerId=0] Finished unloading __consumer_offsets-29 for coordinator epoch OptionalInt[25]. Removed 0 cached offsets and 0 cached groups. (kafka.coordinator.group.GroupMetadataManager)
[2026-05-29 20:22:18,203] INFO [GroupMetadataManager brokerId=0] Finished unloading __consumer_offsets-25 for coordinator epoch OptionalInt[25]. Removed 0 cached offsets and 0 cached groups. (kafka.coordinator.group.GroupMetadataManager)
[2026-05-29 20:22:18,203] INFO [GroupCoordinator 0]: Resigned as the group coordinator for partition 11 in epoch OptionalInt[25] (kafka.coordinator.group.GroupCoordinator)
[2026-05-29 20:22:18,203] INFO [GroupMetadataManager brokerId=0] Finished unloading __consumer_offsets-8 for coordinator epoch OptionalInt[25]. Removed 0 cached offsets and 0 cached groups. (kafka.coordinator.group.GroupMetadataManager)
[2026-05-29 20:22:18,203] INFO [GroupMetadataManager brokerId=0] Finished unloading __consumer_offsets-37 for coordinator epoch OptionalInt[25]. Removed 0 cached offsets and 0 cached groups. (kafka.coordinator.group.GroupMetadataManager)
[2026-05-29 20:22:18,203] INFO [GroupMetadataManager brokerId=0] Scheduling unloading of offsets and group metadata from __consumer_offsets-11 (kafka.coordinator.group.GroupMetadataManager)
[2026-05-29 20:22:18,204] INFO [GroupMetadataManager brokerId=0] Finished unloading __consumer_offsets-4 for coordinator epoch OptionalInt[25]. Removed 0 cached offsets and 0 cached groups. (kafka.coordinator.group.GroupMetadataManager)
[2026-05-29 20:22:18,204] INFO [GroupCoordinator 0]: Resigned as the group coordinator for partition 44 in epoch OptionalInt[25] (kafka.coordinator.group.GroupCoordinator)
[2026-05-29 20:22:18,204] INFO [GroupMetadataManager brokerId=0] Finished unloading __consumer_offsets-33 for coordinator epoch OptionalInt[25]. Removed 0 cached offsets and 0 cached groups. (kafka.coordinator.group.GroupMetadataManager)
[2026-05-29 20:22:18,204] INFO [GroupMetadataManager brokerId=0] Finished unloading __consumer_offsets-15 for coordinator epoch OptionalInt[25]. Removed 0 cached offsets and 0 cached groups. (kafka.coordinator.group.GroupMetadataManager)
[2026-05-29 20:22:18,204] INFO [GroupMetadataManager brokerId=0] Scheduling unloading of offsets and group metadata from __consumer_offsets-44 (kafka.coordinator.group.GroupMetadataManager)
[2026-05-29 20:22:18,204] INFO [GroupMetadataManager brokerId=0] Finished unloading __consumer_offsets-48 for coordinator epoch OptionalInt[25]. Removed 0 cached offsets and 0 cached groups. (kafka.coordinator.group.GroupMetadataManager)
[2026-05-29 20:22:18,204] INFO [GroupMetadataManager brokerId=0] Finished unloading __consumer_offsets-11 for coordinator epoch OptionalInt[25]. Removed 0 cached offsets and 0 cached groups. (kafka.coordinator.group.GroupMetadataManager)
[2026-05-29 20:22:18,204] INFO [GroupMetadataManager brokerId=0] Finished unloading __consumer_offsets-44 for coordinator epoch OptionalInt[25]. Removed 0 cached offsets and 0 cached groups. (kafka.coordinator.group.GroupMetadataManager)
[2026-05-29 20:22:18,204] INFO [GroupCoordinator 0]: Resigned as the group coordinator for partition 23 in epoch OptionalInt[25] (kafka.coordinator.group.GroupCoordinator)
[2026-05-29 20:22:18,205] INFO [GroupMetadataManager brokerId=0] Scheduling unloading of offsets and group metadata from __consumer_offsets-23 (kafka.coordinator.group.GroupMetadataManager)
[2026-05-29 20:22:18,205] INFO [GroupCoordinator 0]: Resigned as the group coordinator for partition 19 in epoch OptionalInt[25] (kafka.coordinator.group.GroupCoordinator)
[2026-05-29 20:22:18,205] INFO [GroupMetadataManager brokerId=0] Scheduling unloading of offsets and group metadata from __consumer_offsets-19 (kafka.coordinator.group.GroupMetadataManager)
[2026-05-29 20:22:18,205] INFO [GroupMetadataManager brokerId=0] Finished unloading __consumer_offsets-23 for coordinator epoch OptionalInt[25]. Removed 0 cached offsets and 0 cached groups. (kafka.coordinator.group.GroupMetadataManager)
[2026-05-29 20:22:18,205] INFO [GroupCoordinator 0]: Resigned as the group coordinator for partition 32 in epoch OptionalInt[25] (kafka.coordinator.group.GroupCoordinator)
[2026-05-29 20:22:18,206] INFO [GroupMetadataManager brokerId=0] Scheduling unloading of offsets and group metadata from __consumer_offsets-32 (kafka.coordinator.group.GroupMetadataManager)
[2026-05-29 20:22:18,205] INFO [GroupMetadataManager brokerId=0] Finished unloading __consumer_offsets-19 for coordinator epoch OptionalInt[25]. Removed 0 cached offsets and 0 cached groups. (kafka.coordinator.group.GroupMetadataManager)
[2026-05-29 20:22:18,206] INFO [GroupCoordinator 0]: Resigned as the group coordinator for partition 28 in epoch OptionalInt[25] (kafka.coordinator.group.GroupCoordinator)
[2026-05-29 20:22:18,206] INFO [GroupMetadataManager brokerId=0] Finished unloading __consumer_offsets-32 for coordinator epoch OptionalInt[25]. Removed 0 cached offsets and 0 cached groups. (kafka.coordinator.group.GroupMetadataManager)
[2026-05-29 20:22:18,206] INFO [GroupMetadataManager brokerId=0] Scheduling unloading of offsets and group metadata from __consumer_offsets-28 (kafka.coordinator.group.GroupMetadataManager)
[2026-05-29 20:22:18,206] INFO [GroupCoordinator 0]: Resigned as the group coordinator for partition 7 in epoch OptionalInt[25] (kafka.coordinator.group.GroupCoordinator)
[2026-05-29 20:22:18,207] INFO [GroupMetadataManager brokerId=0] Scheduling unloading of offsets and group metadata from __consumer_offsets-7 (kafka.coordinator.group.GroupMetadataManager)
[2026-05-29 20:22:18,207] INFO [GroupMetadataManager brokerId=0] Finished unloading __consumer_offsets-28 for coordinator epoch OptionalInt[25]. Removed 0 cached offsets and 0 cached groups. (kafka.coordinator.group.GroupMetadataManager)
[2026-05-29 20:22:18,207] INFO [GroupCoordinator 0]: Resigned as the group coordinator for partition 40 in epoch OptionalInt[25] (kafka.coordinator.group.GroupCoordinator)
[2026-05-29 20:22:18,207] INFO [GroupMetadataManager brokerId=0] Scheduling unloading of offsets and group metadata from __consumer_offsets-40 (kafka.coordinator.group.GroupMetadataManager)
[2026-05-29 20:22:18,207] INFO [GroupMetadataManager brokerId=0] Finished unloading __consumer_offsets-7 for coordinator epoch OptionalInt[25]. Removed 0 cached offsets and 0 cached groups. (kafka.coordinator.group.GroupMetadataManager)
[2026-05-29 20:22:18,208] INFO [GroupMetadataManager brokerId=0] Finished unloading __consumer_offsets-40 for coordinator epoch OptionalInt[25]. Removed 0 cached offsets and 0 cached groups. (kafka.coordinator.group.GroupMetadataManager)
[2026-05-29 20:22:18,208] INFO [GroupCoordinator 0]: Resigned as the group coordinator for partition 3 in epoch OptionalInt[25] (kafka.coordinator.group.GroupCoordinator)
[2026-05-29 20:22:18,208] INFO [GroupMetadataManager brokerId=0] Scheduling unloading of offsets and group metadata from __consumer_offsets-3 (kafka.coordinator.group.GroupMetadataManager)
[2026-05-29 20:22:18,208] INFO [GroupCoordinator 0]: Resigned as the group coordinator for partition 36 in epoch OptionalInt[25] (kafka.coordinator.group.GroupCoordinator)
[2026-05-29 20:22:18,209] INFO [GroupMetadataManager brokerId=0] Scheduling unloading of offsets and group metadata from __consumer_offsets-36 (kafka.coordinator.group.GroupMetadataManager)
[2026-05-29 20:22:18,208] INFO [GroupMetadataManager brokerId=0] Finished unloading __consumer_offsets-3 for coordinator epoch OptionalInt[25]. Removed 0 cached offsets and 0 cached groups. (kafka.coordinator.group.GroupMetadataManager)
[2026-05-29 20:22:18,209] INFO [GroupMetadataManager brokerId=0] Finished unloading __consumer_offsets-36 for coordinator epoch OptionalInt[25]. Removed 0 cached offsets and 0 cached groups. (kafka.coordinator.group.GroupMetadataManager)
[2026-05-29 20:22:18,209] INFO [GroupCoordinator 0]: Resigned as the group coordinator for partition 47 in epoch OptionalInt[25] (kafka.coordinator.group.GroupCoordinator)
[2026-05-29 20:22:18,209] INFO [GroupMetadataManager brokerId=0] Scheduling unloading of offsets and group metadata from __consumer_offsets-47 (kafka.coordinator.group.GroupMetadataManager)
[2026-05-29 20:22:18,210] INFO [GroupCoordinator 0]: Resigned as the group coordinator for partition 14 in epoch OptionalInt[25] (kafka.coordinator.group.GroupCoordinator)
[2026-05-29 20:22:18,210] INFO [GroupMetadataManager brokerId=0] Scheduling unloading of offsets and group metadata from __consumer_offsets-14 (kafka.coordinator.group.GroupMetadataManager)
[2026-05-29 20:22:18,210] INFO [GroupMetadataManager brokerId=0] Finished unloading __consumer_offsets-47 for coordinator epoch OptionalInt[25]. Removed 0 cached offsets and 0 cached groups. (kafka.coordinator.group.GroupMetadataManager)
[2026-05-29 20:22:18,210] INFO [GroupCoordinator 0]: Resigned as the group coordinator for partition 43 in epoch OptionalInt[25] (kafka.coordinator.group.GroupCoordinator)
[2026-05-29 20:22:18,210] INFO [GroupMetadataManager brokerId=0] Scheduling unloading of offsets and group metadata from __consumer_offsets-43 (kafka.coordinator.group.GroupMetadataManager)
[2026-05-29 20:22:18,210] INFO [GroupMetadataManager brokerId=0] Finished unloading __consumer_offsets-14 for coordinator epoch OptionalInt[25]. Removed 0 cached offsets and 0 cached groups. (kafka.coordinator.group.GroupMetadataManager)
[2026-05-29 20:22:18,211] INFO [GroupCoordinator 0]: Resigned as the group coordinator for partition 10 in epoch OptionalInt[25] (kafka.coordinator.group.GroupCoordinator)
[2026-05-29 20:22:18,211] INFO [GroupMetadataManager brokerId=0] Finished unloading __consumer_offsets-43 for coordinator epoch OptionalInt[25]. Removed 0 cached offsets and 0 cached groups. (kafka.coordinator.group.GroupMetadataManager)
[2026-05-29 20:22:18,211] INFO [GroupMetadataManager brokerId=0] Scheduling unloading of offsets and group metadata from __consumer_offsets-10 (kafka.coordinator.group.GroupMetadataManager)
[2026-05-29 20:22:18,211] INFO [GroupCoordinator 0]: Resigned as the group coordinator for partition 22 in epoch OptionalInt[25] (kafka.coordinator.group.GroupCoordinator)
[2026-05-29 20:22:18,211] INFO [GroupMetadataManager brokerId=0] Finished unloading __consumer_offsets-10 for coordinator epoch OptionalInt[25]. Removed 0 cached offsets and 0 cached groups. (kafka.coordinator.group.GroupMetadataManager)
[2026-05-29 20:22:18,268] INFO [GroupMetadataManager brokerId=0] Scheduling unloading of offsets and group metadata from __consumer_offsets-22 (kafka.coordinator.group.GroupMetadataManager)
[2026-05-29 20:22:18,269] INFO [GroupMetadataManager brokerId=0] Finished unloading __consumer_offsets-22 for coordinator epoch OptionalInt[25]. Removed 0 cached offsets and 0 cached groups. (kafka.coordinator.group.GroupMetadataManager)
[2026-05-29 20:22:18,270] INFO [GroupCoordinator 0]: Resigned as the group coordinator for partition 18 in epoch OptionalInt[25] (kafka.coordinator.group.GroupCoordinator)
[2026-05-29 20:22:18,270] INFO [GroupMetadataManager brokerId=0] Scheduling unloading of offsets and group metadata from __consumer_offsets-18 (kafka.coordinator.group.GroupMetadataManager)
[2026-05-29 20:22:18,270] INFO [GroupMetadataManager brokerId=0] Finished unloading __consumer_offsets-18 for coordinator epoch OptionalInt[25]. Removed 0 cached offsets and 0 cached groups. (kafka.coordinator.group.GroupMetadataManager)
[2026-05-29 20:22:18,270] INFO [GroupCoordinator 0]: Resigned as the group coordinator for partition 31 in epoch OptionalInt[25] (kafka.coordinator.group.GroupCoordinator)
[2026-05-29 20:22:18,270] INFO [GroupMetadataManager brokerId=0] Scheduling unloading of offsets and group metadata from __consumer_offsets-31 (kafka.coordinator.group.GroupMetadataManager)
[2026-05-29 20:22:18,270] INFO [GroupMetadataManager brokerId=0] Finished unloading __consumer_offsets-31 for coordinator epoch OptionalInt[25]. Removed 0 cached offsets and 0 cached groups. (kafka.coordinator.group.GroupMetadataManager)
[2026-05-29 20:22:18,270] INFO [GroupCoordinator 0]: Resigned as the group coordinator for partition 27 in epoch OptionalInt[25] (kafka.coordinator.group.GroupCoordinator)
[2026-05-29 20:22:18,271] INFO [GroupMetadataManager brokerId=0] Scheduling unloading of offsets and group metadata from __consumer_offsets-27 (kafka.coordinator.group.GroupMetadataManager)
[2026-05-29 20:22:18,271] INFO [GroupMetadataManager brokerId=0] Finished unloading __consumer_offsets-27 for coordinator epoch OptionalInt[25]. Removed 0 cached offsets and 0 cached groups. (kafka.coordinator.group.GroupMetadataManager)
[2026-05-29 20:22:18,271] INFO [GroupCoordinator 0]: Resigned as the group coordinator for partition 39 in epoch OptionalInt[25] (kafka.coordinator.group.GroupCoordinator)
[2026-05-29 20:22:18,271] INFO [GroupMetadataManager brokerId=0] Scheduling unloading of offsets and group metadata from __consumer_offsets-39 (kafka.coordinator.group.GroupMetadataManager)
[2026-05-29 20:22:18,271] INFO [GroupMetadataManager brokerId=0] Finished unloading __consumer_offsets-39 for coordinator epoch OptionalInt[25]. Removed 0 cached offsets and 0 cached groups. (kafka.coordinator.group.GroupMetadataManager)
[2026-05-29 20:22:18,271] INFO [GroupCoordinator 0]: Resigned as the group coordinator for partition 6 in epoch OptionalInt[25] (kafka.coordinator.group.GroupCoordinator)
[2026-05-29 20:22:18,271] INFO [GroupMetadataManager brokerId=0] Scheduling unloading of offsets and group metadata from __consumer_offsets-6 (kafka.coordinator.group.GroupMetadataManager)
[2026-05-29 20:22:18,271] INFO [GroupMetadataManager brokerId=0] Finished unloading __consumer_offsets-6 for coordinator epoch OptionalInt[25]. Removed 0 cached offsets and 0 cached groups. (kafka.coordinator.group.GroupMetadataManager)
[2026-05-29 20:22:18,272] INFO [GroupCoordinator 0]: Resigned as the group coordinator for partition 35 in epoch OptionalInt[25] (kafka.coordinator.group.GroupCoordinator)
[2026-05-29 20:22:18,272] INFO [GroupMetadataManager brokerId=0] Scheduling unloading of offsets and group metadata from __consumer_offsets-35 (kafka.coordinator.group.GroupMetadataManager)
[2026-05-29 20:22:18,272] INFO [GroupMetadataManager brokerId=0] Finished unloading __consumer_offsets-35 for coordinator epoch OptionalInt[25]. Removed 0 cached offsets and 0 cached groups. (kafka.coordinator.group.GroupMetadataManager)
[2026-05-29 20:22:18,272] INFO [GroupCoordinator 0]: Resigned as the group coordinator for partition 2 in epoch OptionalInt[25] (kafka.coordinator.group.GroupCoordinator)
[2026-05-29 20:22:18,272] INFO [GroupMetadataManager brokerId=0] Scheduling unloading of offsets and group metadata from __consumer_offsets-2 (kafka.coordinator.group.GroupMetadataManager)
[2026-05-29 20:22:18,272] INFO [GroupMetadataManager brokerId=0] Finished unloading __consumer_offsets-2 for coordinator epoch OptionalInt[25]. Removed 0 cached offsets and 0 cached groups. (kafka.coordinator.group.GroupMetadataManager)
[2026-05-29 20:22:18,277] INFO [DynamicConfigPublisher broker id=0] Updating topic __consumer_offsets with new configuration : compression.type -> producer,cleanup.policy -> compact,segment.bytes -> 104857600 (kafka.server.metadata.DynamicConfigPublisher)
[2026-05-29 20:22:18,286] INFO [MetadataLoader id=0] InitializeNewPublishers: initializing BrokerRegistrationTracker(id=0) with a snapshot at offset 347804 (org.apache.kafka.image.loader.MetadataLoader)
[2026-05-29 20:22:18,286] INFO [BrokerServer id=0] Finished waiting for the initial broker metadata update to be published (kafka.server.BrokerServer)
[2026-05-29 20:22:18,288] INFO KafkaConfig values:
	advertised.listeners = PLAINTEXT://kafka.kafka.svc.cluster.local:9092
	alter.config.policy.class.name = null
	alter.log.dirs.replication.quota.window.num = 11
	alter.log.dirs.replication.quota.window.size.seconds = 1
	authorizer.class.name =
	auto.create.topics.enable = true
	auto.include.jmx.reporter = true
	auto.leader.rebalance.enable = true
	background.threads = 10
	broker.heartbeat.interval.ms = 2000
	broker.id = 0
	broker.id.generation.enable = true
	broker.rack = null
	broker.session.timeout.ms = 9000
	client.quota.callback.class = null
	compression.type = producer
	connection.failed.authentication.delay.ms = 100
	connections.max.idle.ms = 600000
	connections.max.reauth.ms = 0
	control.plane.listener.name = null
	controlled.shutdown.enable = true
	controlled.shutdown.max.retries = 3
	controlled.shutdown.retry.backoff.ms = 5000
	controller.listener.names = CONTROLLER
	controller.quorum.append.linger.ms = 25
	controller.quorum.election.backoff.max.ms = 1000
	controller.quorum.election.timeout.ms = 1000
	controller.quorum.fetch.timeout.ms = 2000
	controller.quorum.request.timeout.ms = 2000
	controller.quorum.retry.backoff.ms = 20
	controller.quorum.voters = [0@kafka-0.kafka-headless.kafka.svc.cluster.local:9093]
	controller.quota.window.num = 11
	controller.quota.window.size.seconds = 1
	controller.socket.timeout.ms = 30000
	create.topic.policy.class.name = null
	default.replication.factor = 1
	delegation.token.expiry.check.interval.ms = 3600000
	delegation.token.expiry.time.ms = 86400000
	delegation.token.master.key = null
	delegation.token.max.lifetime.ms = 604800000
	delegation.token.secret.key = null
	delete.records.purgatory.purge.interval.requests = 1
	delete.topic.enable = true
	early.start.listeners = null
	eligible.leader.replicas.enable = false
	fetch.max.bytes = 57671680
	fetch.purgatory.purge.interval.requests = 1000
	group.consumer.assignors = [org.apache.kafka.coordinator.group.assignor.UniformAssignor, org.apache.kafka.coordinator.group.assignor.RangeAssignor]
	group.consumer.heartbeat.interval.ms = 5000
	group.consumer.max.heartbeat.interval.ms = 15000
	group.consumer.max.session.timeout.ms = 60000
	group.consumer.max.size = 2147483647
	group.consumer.min.heartbeat.interval.ms = 5000
	group.consumer.min.session.timeout.ms = 45000
	group.consumer.session.timeout.ms = 45000
	group.coordinator.new.enable = false
	group.coordinator.rebalance.protocols = [classic]
	group.coordinator.threads = 1
	group.initial.rebalance.delay.ms = 3000
	group.max.session.timeout.ms = 1800000
	group.max.size = 2147483647
	group.min.session.timeout.ms = 6000
	initial.broker.registration.timeout.ms = 60000
	inter.broker.listener.name = PLAINTEXT
	inter.broker.protocol.version = 3.7-IV4
	kafka.metrics.polling.interval.secs = 10
	kafka.metrics.reporters = []
	leader.imbalance.check.interval.seconds = 300
	leader.imbalance.per.broker.percentage = 10
	listener.security.protocol.map = PLAINTEXT:PLAINTEXT,CONTROLLER:PLAINTEXT
	listeners = PLAINTEXT://0.0.0.0:9092,CONTROLLER://0.0.0.0:9093
	log.cleaner.backoff.ms = 15000
	log.cleaner.dedupe.buffer.size = 134217728
	log.cleaner.delete.retention.ms = 86400000
	log.cleaner.enable = true
	log.cleaner.io.buffer.load.factor = 0.9
	log.cleaner.io.buffer.size = 524288
	log.cleaner.io.max.bytes.per.second = 1.7976931348623157E308
	log.cleaner.max.compaction.lag.ms = 9223372036854775807
	log.cleaner.min.cleanable.ratio = 0.5
	log.cleaner.min.compaction.lag.ms = 0
	log.cleaner.threads = 1
	log.cleanup.policy = [delete]
	log.dir = /tmp/kafka-logs
	log.dirs = /var/lib/kafka/data/logs
	log.flush.interval.messages = 9223372036854775807
	log.flush.interval.ms = null
	log.flush.offset.checkpoint.interval.ms = 60000
	log.flush.scheduler.interval.ms = 9223372036854775807
	log.flush.start.offset.checkpoint.interval.ms = 60000
	log.index.interval.bytes = 4096
	log.index.size.max.bytes = 10485760
	log.local.retention.bytes = -2
	log.local.retention.ms = -2
	log.message.downconversion.enable = true
	log.message.format.version = 3.0-IV1
	log.message.timestamp.after.max.ms = 9223372036854775807
	log.message.timestamp.before.max.ms = 9223372036854775807
	log.message.timestamp.difference.max.ms = 9223372036854775807
	log.message.timestamp.type = CreateTime
	log.preallocate = false
	log.retention.bytes = -1
	log.retention.check.interval.ms = 300000
	log.retention.hours = 168
	log.retention.minutes = null
	log.retention.ms = null
	log.roll.hours = 168
	log.roll.jitter.hours = 0
	log.roll.jitter.ms = null
	log.roll.ms = null
	log.segment.bytes = 1073741824
	log.segment.delete.delay.ms = 60000
	max.connection.creation.rate = 2147483647
	max.connections = 2147483647
	max.connections.per.ip = 2147483647
	max.connections.per.ip.overrides =
	max.incremental.fetch.session.cache.slots = 1000
	message.max.bytes = 1048588
	metadata.log.dir = null
	metadata.log.max.record.bytes.between.snapshots = 20971520
	metadata.log.max.snapshot.interval.ms = 3600000
	metadata.log.segment.bytes = 1073741824
	metadata.log.segment.min.bytes = 8388608
	metadata.log.segment.ms = 604800000
	metadata.max.idle.interval.ms = 500
	metadata.max.retention.bytes = 104857600
	metadata.max.retention.ms = 604800000
	metric.reporters = []
	metrics.num.samples = 2
	metrics.recording.level = INFO
	metrics.sample.window.ms = 30000
	min.insync.replicas = 1
	node.id = 0
	num.io.threads = 8
	num.network.threads = 3
	num.partitions = 1
	num.recovery.threads.per.data.dir = 1
	num.replica.alter.log.dirs.threads = null
	num.replica.fetchers = 1
	offset.metadata.max.bytes = 4096
	offsets.commit.required.acks = -1
	offsets.commit.timeout.ms = 5000
	offsets.load.buffer.size = 5242880
	offsets.retention.check.interval.ms = 600000
	offsets.retention.minutes = 10080
	offsets.topic.compression.codec = 0
	offsets.topic.num.partitions = 50
	offsets.topic.replication.factor = 1
	offsets.topic.segment.bytes = 104857600
	password.encoder.cipher.algorithm = AES/CBC/PKCS5Padding
	password.encoder.iterations = 4096
	password.encoder.key.length = 128
	password.encoder.keyfactory.algorithm = null
	password.encoder.old.secret = null
	password.encoder.secret = null
	principal.builder.class = class org.apache.kafka.common.security.authenticator.DefaultKafkaPrincipalBuilder
	process.roles = [broker, controller]
	producer.id.expiration.check.interval.ms = 600000
	producer.id.expiration.ms = 86400000
	producer.purgatory.purge.interval.requests = 1000
	queued.max.request.bytes = -1
	queued.max.requests = 500
	quota.window.num = 11
	quota.window.size.seconds = 1
	remote.log.index.file.cache.total.size.bytes = 1073741824
	remote.log.manager.task.interval.ms = 30000
	remote.log.manager.task.retry.backoff.max.ms = 30000
	remote.log.manager.task.retry.backoff.ms = 500
	remote.log.manager.task.retry.jitter = 0.2
	remote.log.manager.thread.pool.size = 10
	remote.log.metadata.custom.metadata.max.bytes = 128
	remote.log.metadata.manager.class.name = org.apache.kafka.server.log.remote.metadata.storage.TopicBasedRemoteLogMetadataManager
	remote.log.metadata.manager.class.path = null
	remote.log.metadata.manager.impl.prefix = rlmm.config.
	remote.log.metadata.manager.listener.name = null
	remote.log.reader.max.pending.tasks = 100
	remote.log.reader.threads = 10
	remote.log.storage.manager.class.name = null
	remote.log.storage.manager.class.path = null
	remote.log.storage.manager.impl.prefix = rsm.config.
	remote.log.storage.system.enable = false
	replica.fetch.backoff.ms = 1000
	replica.fetch.max.bytes = 1048576
	replica.fetch.min.bytes = 1
	replica.fetch.response.max.bytes = 10485760
	replica.fetch.wait.max.ms = 500
	replica.high.watermark.checkpoint.interval.ms = 5000
	replica.lag.time.max.ms = 30000
	replica.selector.class = null
	replica.socket.receive.buffer.bytes = 65536
	replica.socket.timeout.ms = 30000
	replication.quota.window.num = 11
	replication.quota.window.size.seconds = 1
	request.timeout.ms = 30000
	reserved.broker.max.id = 1000
	sasl.client.callback.handler.class = null
	sasl.enabled.mechanisms = [GSSAPI]
	sasl.jaas.config = null
	sasl.kerberos.kinit.cmd = /usr/bin/kinit
	sasl.kerberos.min.time.before.relogin = 60000
	sasl.kerberos.principal.to.local.rules = [DEFAULT]
	sasl.kerberos.service.name = null
	sasl.kerberos.ticket.renew.jitter = 0.05
	sasl.kerberos.ticket.renew.window.factor = 0.8
	sasl.login.callback.handler.class = null
	sasl.login.class = null
	sasl.login.connect.timeout.ms = null
	sasl.login.read.timeout.ms = null
	sasl.login.refresh.buffer.seconds = 300
	sasl.login.refresh.min.period.seconds = 60
	sasl.login.refresh.window.factor = 0.8
	sasl.login.refresh.window.jitter = 0.05
	sasl.login.retry.backoff.max.ms = 10000
	sasl.login.retry.backoff.ms = 100
	sasl.mechanism.controller.protocol = GSSAPI
	sasl.mechanism.inter.broker.protocol = GSSAPI
	sasl.oauthbearer.clock.skew.seconds = 30
	sasl.oauthbearer.expected.audience = null
	sasl.oauthbearer.expected.issuer = null
	sasl.oauthbearer.jwks.endpoint.refresh.ms = 3600000
	sasl.oauthbearer.jwks.endpoint.retry.backoff.max.ms = 10000
	sasl.oauthbearer.jwks.endpoint.retry.backoff.ms = 100
	sasl.oauthbearer.jwks.endpoint.url = null
	sasl.oauthbearer.scope.claim.name = scope
	sasl.oauthbearer.sub.claim.name = sub
	sasl.oauthbearer.token.endpoint.url = null
	sasl.server.callback.handler.class = null
	sasl.server.max.receive.size = 524288
	security.inter.broker.protocol = PLAINTEXT
	security.providers = null
	server.max.startup.time.ms = 9223372036854775807
	socket.connection.setup.timeout.max.ms = 30000
	socket.connection.setup.timeout.ms = 10000
	socket.listen.backlog.size = 50
	socket.receive.buffer.bytes = 102400
	socket.request.max.bytes = 104857600
	socket.send.buffer.bytes = 102400
	ssl.allow.dn.changes = false
	ssl.allow.san.changes = false
	ssl.cipher.suites = []
	ssl.client.auth = none
	ssl.enabled.protocols = [TLSv1.2, TLSv1.3]
	ssl.endpoint.identification.algorithm = https
	ssl.engine.factory.class = null
	ssl.key.password = null
	ssl.keymanager.algorithm = SunX509
	ssl.keystore.certificate.chain = null
	ssl.keystore.key = null
	ssl.keystore.location = null
	ssl.keystore.password = null
	ssl.keystore.type = JKS
	ssl.principal.mapping.rules = DEFAULT
	ssl.protocol = TLSv1.3
	ssl.provider = null
	ssl.secure.random.implementation = null
	ssl.trustmanager.algorithm = PKIX
	ssl.truststore.certificates = null
	ssl.truststore.location = null
	ssl.truststore.password = null
	ssl.truststore.type = JKS
	telemetry.max.bytes = 1048576
	transaction.abort.timed.out.transaction.cleanup.interval.ms = 10000
	transaction.max.timeout.ms = 900000
	transaction.partition.verification.enable = true
	transaction.remove.expired.transaction.cleanup.interval.ms = 3600000
	transaction.state.log.load.buffer.size = 5242880
	transaction.state.log.min.isr = 1
	transaction.state.log.num.partitions = 50
	transaction.state.log.replication.factor = 1
	transaction.state.log.segment.bytes = 104857600
	transactional.id.expiration.ms = 604800000
	unclean.leader.election.enable = false
	unstable.api.versions.enable = false
	unstable.metadata.versions.enable = false
	zookeeper.clientCnxnSocket = null
	zookeeper.connect = null
	zookeeper.connection.timeout.ms = null
	zookeeper.max.in.flight.requests = 10
	zookeeper.metadata.migration.enable = false
	zookeeper.metadata.migration.min.batch.size = 200
	zookeeper.session.timeout.ms = 18000
	zookeeper.set.acl = false
	zookeeper.ssl.cipher.suites = null
	zookeeper.ssl.client.enable = false
	zookeeper.ssl.crl.enable = false
	zookeeper.ssl.enabled.protocols = null
	zookeeper.ssl.endpoint.identification.algorithm = HTTPS
	zookeeper.ssl.keystore.location = null
	zookeeper.ssl.keystore.password = null
	zookeeper.ssl.keystore.type = null
	zookeeper.ssl.ocsp.enable = false
	zookeeper.ssl.protocol = TLSv1.2
	zookeeper.ssl.truststore.location = null
	zookeeper.ssl.truststore.password = null
	zookeeper.ssl.truststore.type = null
 (kafka.server.KafkaConfig)
[2026-05-29 20:22:18,293] INFO [BrokerServer id=0] Waiting for the broker to be unfenced (kafka.server.BrokerServer)
[2026-05-29 20:22:18,408] INFO [BrokerLifecycleManager id=0] The broker has been unfenced. Transitioning from RECOVERY to RUNNING. (kafka.server.BrokerLifecycleManager)
[2026-05-29 20:22:18,408] INFO [BrokerServer id=0] Finished waiting for the broker to be unfenced (kafka.server.BrokerServer)
[2026-05-29 20:22:18,409] INFO authorizerStart completed for endpoint PLAINTEXT. Endpoint is now READY. (org.apache.kafka.server.network.EndpointReadyFutures)
[2026-05-29 20:22:18,410] INFO [SocketServer listenerType=BROKER, nodeId=0] Enabling request processing. (kafka.network.SocketServer)
[2026-05-29 20:22:18,410] INFO Awaiting socket connections on 0.0.0.0:9092. (kafka.network.DataPlaneAcceptor)
[2026-05-29 20:22:18,410] INFO [ReplicaFetcherManager on broker 0] Removed fetcher for partitions Set(broker_execution_stream-0, raw_market_data_stream-2, __consumer_offsets-13, __consumer_offsets-46, broker_health_stream-2, __consumer_offsets-9, execution_session_stream-1, __consumer_offsets-42, __consumer_offsets-21, broker_latency_stream-2, __consumer_offsets-17, reconciliation_stream-0, broker_dispatch_stream-2, __consumer_offsets-30, __consumer_offsets-26, __consumer_offsets-5, __consumer_offsets-38, feature_store_updates-0, __consumer_offsets-1, __consumer_offsets-34, copy_trade_stream-2, __consumer_offsets-16, __consumer_offsets-45, raw_market_data_stream-1, normalized_market_data_stream-0, __consumer_offsets-12, copy_trade_audit_stream-0, execution_session_stream-0, __consumer_offsets-41, __consumer_offsets-24, broker_dispatch_stream-0, __consumer_offsets-20, reconciliation_stream-1, __consumer_offsets-49, __consumer_offsets-0, __consumer_offsets-29, broker_dispatch_stream-1, normalized_market_data_replay-0, __consumer_offsets-25, __consumer_offsets-8, __consumer_offsets-37, __consumer_offsets-4, __consumer_offsets-33, raw_market_data_stream-0, broker_latency_stream-0, __consumer_offsets-15, copy_trade_stream-1, __consumer_offsets-48, broker_execution_stream-2, broker_health_stream-0, __consumer_offsets-11, copy_trade_audit_stream-1, normalized_market_data_stream-1, __consumer_offsets-44, __consumer_offsets-23, reconciliation_stream-2, __consumer_offsets-19, __consumer_offsets-32, __consumer_offsets-28, __consumer_offsets-7, __consumer_offsets-40, feature_store_updates-2, __consumer_offsets-3, __consumer_offsets-36, __consumer_offsets-47, broker_execution_stream-1, copy_trade_stream-0, __consumer_offsets-14, copy_trade_audit_stream-2, __consumer_offsets-43, normalized_market_data_stream-2, broker_health_stream-1, __consumer_offsets-10, __consumer_offsets-22, broker_latency_stream-1, __consumer_offsets-18, __consumer_offsets-31, __consumer_offsets-27, execution_session_stream-2, __consumer_offsets-39, feature_store_updates-1, __consumer_offsets-6, __consumer_offsets-35, __consumer_offsets-2) (kafka.server.ReplicaFetcherManager)
[2026-05-29 20:22:18,411] INFO [BrokerServer id=0] Waiting for all of the authorizer futures to be completed (kafka.server.BrokerServer)
[2026-05-29 20:22:18,411] INFO [BrokerServer id=0] Finished waiting for all of the authorizer futures to be completed (kafka.server.BrokerServer)
[2026-05-29 20:22:18,411] INFO [BrokerServer id=0] Waiting for all of the SocketServer Acceptors to be started (kafka.server.BrokerServer)
[2026-05-29 20:22:18,411] INFO [BrokerServer id=0] Finished waiting for all of the SocketServer Acceptors to be started (kafka.server.BrokerServer)
[2026-05-29 20:22:18,411] INFO [BrokerServer id=0] Transition from STARTING to STARTED (kafka.server.BrokerServer)
[2026-05-29 20:22:18,412] INFO Kafka version: 3.7.1 (org.apache.kafka.common.utils.AppInfoParser)
[2026-05-29 20:22:18,412] INFO Kafka commitId: e2494e6ffb89f828 (org.apache.kafka.common.utils.AppInfoParser)
[2026-05-29 20:22:18,412] INFO Kafka startTimeMs: 1780086138411 (org.apache.kafka.common.utils.AppInfoParser)
[2026-05-29 20:22:18,414] INFO [KafkaRaftServer nodeId=0] Kafka Server started (kafka.server.KafkaRaftServer)
[2026-05-29 20:22:19,214] INFO [GroupCoordinator 0]: Elected as the group coordinator for partition 13 in epoch 26 (kafka.coordinator.group.GroupCoordinator)
[2026-05-29 20:22:19,214] INFO [GroupMetadataManager brokerId=0] Scheduling loading of offsets and group metadata from __consumer_offsets-13 for epoch 26 (kafka.coordinator.group.GroupMetadataManager)
[2026-05-29 20:22:19,216] INFO [GroupCoordinator 0]: Elected as the group coordinator for partition 46 in epoch 26 (kafka.coordinator.group.GroupCoordinator)
[2026-05-29 20:22:19,216] INFO [GroupMetadataManager brokerId=0] Scheduling loading of offsets and group metadata from __consumer_offsets-46 for epoch 26 (kafka.coordinator.group.GroupMetadataManager)
[2026-05-29 20:22:19,217] INFO [GroupCoordinator 0]: Elected as the group coordinator for partition 9 in epoch 26 (kafka.coordinator.group.GroupCoordinator)
[2026-05-29 20:22:19,217] INFO [GroupMetadataManager brokerId=0] Scheduling loading of offsets and group metadata from __consumer_offsets-9 for epoch 26 (kafka.coordinator.group.GroupMetadataManager)
[2026-05-29 20:22:19,218] INFO [GroupCoordinator 0]: Elected as the group coordinator for partition 42 in epoch 26 (kafka.coordinator.group.GroupCoordinator)
[2026-05-29 20:22:19,218] INFO [GroupMetadataManager brokerId=0] Scheduling loading of offsets and group metadata from __consumer_offsets-42 for epoch 26 (kafka.coordinator.group.GroupMetadataManager)
[2026-05-29 20:22:19,218] INFO [GroupCoordinator 0]: Elected as the group coordinator for partition 21 in epoch 26 (kafka.coordinator.group.GroupCoordinator)
[2026-05-29 20:22:19,218] INFO [GroupMetadataManager brokerId=0] Scheduling loading of offsets and group metadata from __consumer_offsets-21 for epoch 26 (kafka.coordinator.group.GroupMetadataManager)
[2026-05-29 20:22:19,218] INFO [GroupCoordinator 0]: Elected as the group coordinator for partition 17 in epoch 26 (kafka.coordinator.group.GroupCoordinator)
[2026-05-29 20:22:19,218] INFO [GroupMetadataManager brokerId=0] Scheduling loading of offsets and group metadata from __consumer_offsets-17 for epoch 26 (kafka.coordinator.group.GroupMetadataManager)
[2026-05-29 20:22:19,218] INFO [GroupCoordinator 0]: Elected as the group coordinator for partition 30 in epoch 26 (kafka.coordinator.group.GroupCoordinator)
[2026-05-29 20:22:19,218] INFO [GroupMetadataManager brokerId=0] Scheduling loading of offsets and group metadata from __consumer_offsets-30 for epoch 26 (kafka.coordinator.group.GroupMetadataManager)
[2026-05-29 20:22:19,219] INFO [GroupCoordinator 0]: Elected as the group coordinator for partition 26 in epoch 26 (kafka.coordinator.group.GroupCoordinator)
[2026-05-29 20:22:19,219] INFO [GroupMetadataManager brokerId=0] Scheduling loading of offsets and group metadata from __consumer_offsets-26 for epoch 26 (kafka.coordinator.group.GroupMetadataManager)
[2026-05-29 20:22:19,219] INFO [GroupCoordinator 0]: Elected as the group coordinator for partition 5 in epoch 26 (kafka.coordinator.group.GroupCoordinator)
[2026-05-29 20:22:19,219] INFO [GroupMetadataManager brokerId=0] Scheduling loading of offsets and group metadata from __consumer_offsets-5 for epoch 26 (kafka.coordinator.group.GroupMetadataManager)
[2026-05-29 20:22:19,219] INFO [GroupCoordinator 0]: Elected as the group coordinator for partition 38 in epoch 26 (kafka.coordinator.group.GroupCoordinator)
[2026-05-29 20:22:19,219] INFO [GroupMetadataManager brokerId=0] Scheduling loading of offsets and group metadata from __consumer_offsets-38 for epoch 26 (kafka.coordinator.group.GroupMetadataManager)
[2026-05-29 20:22:19,219] INFO [GroupCoordinator 0]: Elected as the group coordinator for partition 1 in epoch 26 (kafka.coordinator.group.GroupCoordinator)
[2026-05-29 20:22:19,219] INFO [GroupMetadataManager brokerId=0] Scheduling loading of offsets and group metadata from __consumer_offsets-1 for epoch 26 (kafka.coordinator.group.GroupMetadataManager)
[2026-05-29 20:22:19,219] INFO [GroupCoordinator 0]: Elected as the group coordinator for partition 34 in epoch 26 (kafka.coordinator.group.GroupCoordinator)
[2026-05-29 20:22:19,219] INFO [GroupMetadataManager brokerId=0] Scheduling loading of offsets and group metadata from __consumer_offsets-34 for epoch 26 (kafka.coordinator.group.GroupMetadataManager)
[2026-05-29 20:22:19,219] INFO [GroupCoordinator 0]: Elected as the group coordinator for partition 16 in epoch 26 (kafka.coordinator.group.GroupCoordinator)
[2026-05-29 20:22:19,219] INFO [GroupMetadataManager brokerId=0] Scheduling loading of offsets and group metadata from __consumer_offsets-16 for epoch 26 (kafka.coordinator.group.GroupMetadataManager)
[2026-05-29 20:22:19,220] INFO [GroupCoordinator 0]: Elected as the group coordinator for partition 45 in epoch 26 (kafka.coordinator.group.GroupCoordinator)
[2026-05-29 20:22:19,220] INFO [GroupMetadataManager brokerId=0] Scheduling loading of offsets and group metadata from __consumer_offsets-45 for epoch 26 (kafka.coordinator.group.GroupMetadataManager)
[2026-05-29 20:22:19,220] INFO [GroupCoordinator 0]: Elected as the group coordinator for partition 12 in epoch 26 (kafka.coordinator.group.GroupCoordinator)
[2026-05-29 20:22:19,220] INFO [GroupMetadataManager brokerId=0] Scheduling loading of offsets and group metadata from __consumer_offsets-12 for epoch 26 (kafka.coordinator.group.GroupMetadataManager)
[2026-05-29 20:22:19,220] INFO [GroupCoordinator 0]: Elected as the group coordinator for partition 41 in epoch 26 (kafka.coordinator.group.GroupCoordinator)
[2026-05-29 20:22:19,220] INFO [GroupMetadataManager brokerId=0] Scheduling loading of offsets and group metadata from __consumer_offsets-41 for epoch 26 (kafka.coordinator.group.GroupMetadataManager)
[2026-05-29 20:22:19,221] INFO [GroupCoordinator 0]: Elected as the group coordinator for partition 24 in epoch 26 (kafka.coordinator.group.GroupCoordinator)
[2026-05-29 20:22:19,221] INFO [GroupMetadataManager brokerId=0] Scheduling loading of offsets and group metadata from __consumer_offsets-24 for epoch 26 (kafka.coordinator.group.GroupMetadataManager)
[2026-05-29 20:22:19,221] INFO [GroupCoordinator 0]: Elected as the group coordinator for partition 20 in epoch 26 (kafka.coordinator.group.GroupCoordinator)
[2026-05-29 20:22:19,221] INFO [GroupMetadataManager brokerId=0] Scheduling loading of offsets and group metadata from __consumer_offsets-20 for epoch 26 (kafka.coordinator.group.GroupMetadataManager)
[2026-05-29 20:22:19,222] INFO [GroupCoordinator 0]: Elected as the group coordinator for partition 49 in epoch 26 (kafka.coordinator.group.GroupCoordinator)
[2026-05-29 20:22:19,222] INFO [GroupMetadataManager brokerId=0] Scheduling loading of offsets and group metadata from __consumer_offsets-49 for epoch 26 (kafka.coordinator.group.GroupMetadataManager)
[2026-05-29 20:22:19,222] INFO [GroupCoordinator 0]: Elected as the group coordinator for partition 0 in epoch 26 (kafka.coordinator.group.GroupCoordinator)
[2026-05-29 20:22:19,222] INFO [GroupMetadataManager brokerId=0] Scheduling loading of offsets and group metadata from __consumer_offsets-0 for epoch 26 (kafka.coordinator.group.GroupMetadataManager)
[2026-05-29 20:22:19,222] INFO [GroupCoordinator 0]: Elected as the group coordinator for partition 29 in epoch 26 (kafka.coordinator.group.GroupCoordinator)
[2026-05-29 20:22:19,222] INFO [GroupMetadataManager brokerId=0] Scheduling loading of offsets and group metadata from __consumer_offsets-29 for epoch 26 (kafka.coordinator.group.GroupMetadataManager)
[2026-05-29 20:22:19,222] INFO [GroupCoordinator 0]: Elected as the group coordinator for partition 25 in epoch 26 (kafka.coordinator.group.GroupCoordinator)
[2026-05-29 20:22:19,222] INFO [GroupMetadataManager brokerId=0] Scheduling loading of offsets and group metadata from __consumer_offsets-25 for epoch 26 (kafka.coordinator.group.GroupMetadataManager)
[2026-05-29 20:22:19,222] INFO [GroupCoordinator 0]: Elected as the group coordinator for partition 8 in epoch 26 (kafka.coordinator.group.GroupCoordinator)
[2026-05-29 20:22:19,222] INFO [GroupMetadataManager brokerId=0] Scheduling loading of offsets and group metadata from __consumer_offsets-8 for epoch 26 (kafka.coordinator.group.GroupMetadataManager)
[2026-05-29 20:22:19,223] INFO [GroupCoordinator 0]: Elected as the group coordinator for partition 37 in epoch 26 (kafka.coordinator.group.GroupCoordinator)
[2026-05-29 20:22:19,223] INFO [GroupMetadataManager brokerId=0] Scheduling loading of offsets and group metadata from __consumer_offsets-37 for epoch 26 (kafka.coordinator.group.GroupMetadataManager)
[2026-05-29 20:22:19,223] INFO [GroupCoordinator 0]: Elected as the group coordinator for partition 4 in epoch 26 (kafka.coordinator.group.GroupCoordinator)
[2026-05-29 20:22:19,223] INFO [GroupMetadataManager brokerId=0] Scheduling loading of offsets and group metadata from __consumer_offsets-4 for epoch 26 (kafka.coordinator.group.GroupMetadataManager)
[2026-05-29 20:22:19,223] INFO [GroupCoordinator 0]: Elected as the group coordinator for partition 33 in epoch 26 (kafka.coordinator.group.GroupCoordinator)
[2026-05-29 20:22:19,223] INFO [GroupMetadataManager brokerId=0] Scheduling loading of offsets and group metadata from __consumer_offsets-33 for epoch 26 (kafka.coordinator.group.GroupMetadataManager)
[2026-05-29 20:22:19,223] INFO [GroupCoordinator 0]: Elected as the group coordinator for partition 15 in epoch 26 (kafka.coordinator.group.GroupCoordinator)
[2026-05-29 20:22:19,223] INFO [GroupMetadataManager brokerId=0] Scheduling loading of offsets and group metadata from __consumer_offsets-15 for epoch 26 (kafka.coordinator.group.GroupMetadataManager)
[2026-05-29 20:22:19,224] INFO [GroupCoordinator 0]: Elected as the group coordinator for partition 48 in epoch 26 (kafka.coordinator.group.GroupCoordinator)
[2026-05-29 20:22:19,224] INFO [GroupMetadataManager brokerId=0] Scheduling loading of offsets and group metadata from __consumer_offsets-48 for epoch 26 (kafka.coordinator.group.GroupMetadataManager)
[2026-05-29 20:22:19,224] INFO [GroupCoordinator 0]: Elected as the group coordinator for partition 11 in epoch 26 (kafka.coordinator.group.GroupCoordinator)
[2026-05-29 20:22:19,224] INFO [GroupMetadataManager brokerId=0] Scheduling loading of offsets and group metadata from __consumer_offsets-11 for epoch 26 (kafka.coordinator.group.GroupMetadataManager)
[2026-05-29 20:22:19,224] INFO [GroupCoordinator 0]: Elected as the group coordinator for partition 44 in epoch 26 (kafka.coordinator.group.GroupCoordinator)
[2026-05-29 20:22:19,224] INFO [GroupMetadataManager brokerId=0] Scheduling loading of offsets and group metadata from __consumer_offsets-44 for epoch 26 (kafka.coordinator.group.GroupMetadataManager)
[2026-05-29 20:22:19,224] INFO [GroupCoordinator 0]: Elected as the group coordinator for partition 23 in epoch 26 (kafka.coordinator.group.GroupCoordinator)
[2026-05-29 20:22:19,224] INFO [GroupMetadataManager brokerId=0] Scheduling loading of offsets and group metadata from __consumer_offsets-23 for epoch 26 (kafka.coordinator.group.GroupMetadataManager)
[2026-05-29 20:22:19,224] INFO [GroupCoordinator 0]: Elected as the group coordinator for partition 19 in epoch 26 (kafka.coordinator.group.GroupCoordinator)
[2026-05-29 20:22:19,224] INFO [GroupMetadataManager brokerId=0] Scheduling loading of offsets and group metadata from __consumer_offsets-19 for epoch 26 (kafka.coordinator.group.GroupMetadataManager)
[2026-05-29 20:22:19,224] INFO [GroupCoordinator 0]: Elected as the group coordinator for partition 32 in epoch 26 (kafka.coordinator.group.GroupCoordinator)
[2026-05-29 20:22:19,224] INFO [GroupMetadataManager brokerId=0] Scheduling loading of offsets and group metadata from __consumer_offsets-32 for epoch 26 (kafka.coordinator.group.GroupMetadataManager)
[2026-05-29 20:22:19,225] INFO [GroupCoordinator 0]: Elected as the group coordinator for partition 28 in epoch 26 (kafka.coordinator.group.GroupCoordinator)
[2026-05-29 20:22:19,225] INFO [GroupMetadataManager brokerId=0] Scheduling loading of offsets and group metadata from __consumer_offsets-28 for epoch 26 (kafka.coordinator.group.GroupMetadataManager)
[2026-05-29 20:22:19,225] INFO [GroupCoordinator 0]: Elected as the group coordinator for partition 7 in epoch 26 (kafka.coordinator.group.GroupCoordinator)
[2026-05-29 20:22:19,225] INFO [GroupMetadataManager brokerId=0] Scheduling loading of offsets and group metadata from __consumer_offsets-7 for epoch 26 (kafka.coordinator.group.GroupMetadataManager)
[2026-05-29 20:22:19,225] INFO [GroupCoordinator 0]: Elected as the group coordinator for partition 40 in epoch 26 (kafka.coordinator.group.GroupCoordinator)
[2026-05-29 20:22:19,225] INFO [GroupMetadataManager brokerId=0] Scheduling loading of offsets and group metadata from __consumer_offsets-40 for epoch 26 (kafka.coordinator.group.GroupMetadataManager)
[2026-05-29 20:22:19,225] INFO [GroupCoordinator 0]: Elected as the group coordinator for partition 3 in epoch 26 (kafka.coordinator.group.GroupCoordinator)
[2026-05-29 20:22:19,225] INFO [GroupMetadataManager brokerId=0] Scheduling loading of offsets and group metadata from __consumer_offsets-3 for epoch 26 (kafka.coordinator.group.GroupMetadataManager)
[2026-05-29 20:22:19,225] INFO [GroupCoordinator 0]: Elected as the group coordinator for partition 36 in epoch 26 (kafka.coordinator.group.GroupCoordinator)
[2026-05-29 20:22:19,225] INFO [GroupMetadataManager brokerId=0] Scheduling loading of offsets and group metadata from __consumer_offsets-36 for epoch 26 (kafka.coordinator.group.GroupMetadataManager)
[2026-05-29 20:22:19,226] INFO [GroupCoordinator 0]: Elected as the group coordinator for partition 47 in epoch 26 (kafka.coordinator.group.GroupCoordinator)
[2026-05-29 20:22:19,226] INFO [GroupMetadataManager brokerId=0] Scheduling loading of offsets and group metadata from __consumer_offsets-47 for epoch 26 (kafka.coordinator.group.GroupMetadataManager)
[2026-05-29 20:22:19,226] INFO [GroupCoordinator 0]: Elected as the group coordinator for partition 14 in epoch 26 (kafka.coordinator.group.GroupCoordinator)
[2026-05-29 20:22:19,226] INFO [GroupMetadataManager brokerId=0] Scheduling loading of offsets and group metadata from __consumer_offsets-14 for epoch 26 (kafka.coordinator.group.GroupMetadataManager)
[2026-05-29 20:22:19,226] INFO [GroupCoordinator 0]: Elected as the group coordinator for partition 43 in epoch 26 (kafka.coordinator.group.GroupCoordinator)
[2026-05-29 20:22:19,226] INFO [GroupMetadataManager brokerId=0] Scheduling loading of offsets and group metadata from __consumer_offsets-43 for epoch 26 (kafka.coordinator.group.GroupMetadataManager)
[2026-05-29 20:22:19,226] INFO [GroupCoordinator 0]: Elected as the group coordinator for partition 10 in epoch 26 (kafka.coordinator.group.GroupCoordinator)
[2026-05-29 20:22:19,226] INFO [GroupMetadataManager brokerId=0] Scheduling loading of offsets and group metadata from __consumer_offsets-10 for epoch 26 (kafka.coordinator.group.GroupMetadataManager)
[2026-05-29 20:22:19,226] INFO [GroupCoordinator 0]: Elected as the group coordinator for partition 22 in epoch 26 (kafka.coordinator.group.GroupCoordinator)
[2026-05-29 20:22:19,226] INFO [GroupMetadataManager brokerId=0] Scheduling loading of offsets and group metadata from __consumer_offsets-22 for epoch 26 (kafka.coordinator.group.GroupMetadataManager)
[2026-05-29 20:22:19,226] INFO [GroupCoordinator 0]: Elected as the group coordinator for partition 18 in epoch 26 (kafka.coordinator.group.GroupCoordinator)
[2026-05-29 20:22:19,226] INFO [GroupMetadataManager brokerId=0] Scheduling loading of offsets and group metadata from __consumer_offsets-18 for epoch 26 (kafka.coordinator.group.GroupMetadataManager)
[2026-05-29 20:22:19,227] INFO [GroupCoordinator 0]: Elected as the group coordinator for partition 31 in epoch 26 (kafka.coordinator.group.GroupCoordinator)
[2026-05-29 20:22:19,227] INFO [GroupMetadataManager brokerId=0] Scheduling loading of offsets and group metadata from __consumer_offsets-31 for epoch 26 (kafka.coordinator.group.GroupMetadataManager)
[2026-05-29 20:22:19,227] INFO [GroupCoordinator 0]: Elected as the group coordinator for partition 27 in epoch 26 (kafka.coordinator.group.GroupCoordinator)
[2026-05-29 20:22:19,227] INFO [GroupMetadataManager brokerId=0] Scheduling loading of offsets and group metadata from __consumer_offsets-27 for epoch 26 (kafka.coordinator.group.GroupMetadataManager)
[2026-05-29 20:22:19,227] INFO [GroupCoordinator 0]: Elected as the group coordinator for partition 39 in epoch 26 (kafka.coordinator.group.GroupCoordinator)
[2026-05-29 20:22:19,227] INFO [GroupMetadataManager brokerId=0] Scheduling loading of offsets and group metadata from __consumer_offsets-39 for epoch 26 (kafka.coordinator.group.GroupMetadataManager)
[2026-05-29 20:22:19,227] INFO [GroupCoordinator 0]: Elected as the group coordinator for partition 6 in epoch 26 (kafka.coordinator.group.GroupCoordinator)
[2026-05-29 20:22:19,227] INFO [GroupMetadataManager brokerId=0] Scheduling loading of offsets and group metadata from __consumer_offsets-6 for epoch 26 (kafka.coordinator.group.GroupMetadataManager)
[2026-05-29 20:22:19,227] INFO [GroupCoordinator 0]: Elected as the group coordinator for partition 35 in epoch 26 (kafka.coordinator.group.GroupCoordinator)
[2026-05-29 20:22:19,227] INFO [GroupMetadataManager brokerId=0] Scheduling loading of offsets and group metadata from __consumer_offsets-35 for epoch 26 (kafka.coordinator.group.GroupMetadataManager)
[2026-05-29 20:22:19,227] INFO [GroupCoordinator 0]: Elected as the group coordinator for partition 2 in epoch 26 (kafka.coordinator.group.GroupCoordinator)
[2026-05-29 20:22:19,228] INFO [GroupMetadataManager brokerId=0] Scheduling loading of offsets and group metadata from __consumer_offsets-2 for epoch 26 (kafka.coordinator.group.GroupMetadataManager)
[2026-05-29 20:22:19,232] INFO [GroupMetadataManager brokerId=0] Finished loading offsets and group metadata from __consumer_offsets-13 in 17 milliseconds for epoch 26, of which 2 milliseconds was spent in the scheduler. (kafka.coordinator.group.GroupMetadataManager)
[2026-05-29 20:22:19,233] INFO [GroupMetadataManager brokerId=0] Finished loading offsets and group metadata from __consumer_offsets-46 in 16 milliseconds for epoch 26, of which 16 milliseconds was spent in the scheduler. (kafka.coordinator.group.GroupMetadataManager)
[2026-05-29 20:22:19,233] INFO [GroupMetadataManager brokerId=0] Finished loading offsets and group metadata from __consumer_offsets-9 in 15 milliseconds for epoch 26, of which 15 milliseconds was spent in the scheduler. (kafka.coordinator.group.GroupMetadataManager)
[2026-05-29 20:22:19,257] INFO Loaded member MemberMetadata(memberId=console-consumer-d74dad04-4798-4e58-9f70-5cda5d59fa47, groupInstanceId=None, clientId=console-consumer, clientHost=/192.168.1.10, sessionTimeoutMs=45000, rebalanceTimeoutMs=300000, supportedProtocols=List(range)) in group console-consumer-18165 with generation 1. (kafka.coordinator.group.GroupMetadata$)
[2026-05-29 20:22:19,263] INFO [GroupMetadataManager brokerId=0] Finished loading offsets and group metadata from __consumer_offsets-42 in 45 milliseconds for epoch 26, of which 15 milliseconds was spent in the scheduler. (kafka.coordinator.group.GroupMetadataManager)
[2026-05-29 20:22:19,263] INFO [GroupMetadataManager brokerId=0] Finished loading offsets and group metadata from __consumer_offsets-21 in 45 milliseconds for epoch 26, of which 45 milliseconds was spent in the scheduler. (kafka.coordinator.group.GroupMetadataManager)
[2026-05-29 20:22:19,264] INFO [GroupMetadataManager brokerId=0] Finished loading offsets and group metadata from __consumer_offsets-17 in 46 milliseconds for epoch 26, of which 46 milliseconds was spent in the scheduler. (kafka.coordinator.group.GroupMetadataManager)
[2026-05-29 20:22:19,264] INFO [GroupMetadataManager brokerId=0] Finished loading offsets and group metadata from __consumer_offsets-30 in 45 milliseconds for epoch 26, of which 45 milliseconds was spent in the scheduler. (kafka.coordinator.group.GroupMetadataManager)
[2026-05-29 20:22:19,264] INFO [GroupMetadataManager brokerId=0] Finished loading offsets and group metadata from __consumer_offsets-26 in 45 milliseconds for epoch 26, of which 45 milliseconds was spent in the scheduler. (kafka.coordinator.group.GroupMetadataManager)
[2026-05-29 20:22:19,268] INFO Loaded member MemberMetadata(memberId=console-consumer-a441bf54-d520-483b-ab2c-f5637a86f28a, groupInstanceId=None, clientId=console-consumer, clientHost=/192.168.1.10, sessionTimeoutMs=45000, rebalanceTimeoutMs=300000, supportedProtocols=List(range)) in group console-consumer-52782 with generation 1. (kafka.coordinator.group.GroupMetadata$)
[2026-05-29 20:22:19,269] INFO [GroupMetadataManager brokerId=0] Finished loading offsets and group metadata from __consumer_offsets-5 in 50 milliseconds for epoch 26, of which 45 milliseconds was spent in the scheduler. (kafka.coordinator.group.GroupMetadataManager)
[2026-05-29 20:22:19,269] INFO [GroupMetadataManager brokerId=0] Finished loading offsets and group metadata from __consumer_offsets-38 in 50 milliseconds for epoch 26, of which 50 milliseconds was spent in the scheduler. (kafka.coordinator.group.GroupMetadataManager)
[2026-05-29 20:22:19,269] INFO [GroupMetadataManager brokerId=0] Finished loading offsets and group metadata from __consumer_offsets-1 in 50 milliseconds for epoch 26, of which 50 milliseconds was spent in the scheduler. (kafka.coordinator.group.GroupMetadataManager)
[2026-05-29 20:22:19,274] INFO Loaded member MemberMetadata(memberId=console-consumer-71a07598-c762-46fe-91be-99c8f48c9a63, groupInstanceId=None, clientId=console-consumer, clientHost=/192.168.1.10, sessionTimeoutMs=45000, rebalanceTimeoutMs=300000, supportedProtocols=List(range)) in group console-consumer-74624 with generation 1. (kafka.coordinator.group.GroupMetadata$)
[2026-05-29 20:22:19,274] INFO [GroupMetadataManager brokerId=0] Finished loading offsets and group metadata from __consumer_offsets-34 in 55 milliseconds for epoch 26, of which 50 milliseconds was spent in the scheduler. (kafka.coordinator.group.GroupMetadataManager)
[2026-05-29 20:22:19,276] INFO [GroupMetadataManager brokerId=0] Finished loading offsets and group metadata from __consumer_offsets-16 in 56 milliseconds for epoch 26, of which 55 milliseconds was spent in the scheduler. (kafka.coordinator.group.GroupMetadataManager)
[2026-05-29 20:22:19,276] INFO [GroupMetadataManager brokerId=0] Finished loading offsets and group metadata from __consumer_offsets-45 in 56 milliseconds for epoch 26, of which 56 milliseconds was spent in the scheduler. (kafka.coordinator.group.GroupMetadataManager)
[2026-05-29 20:22:19,280] INFO Loaded member MemberMetadata(memberId=console-consumer-4ed820b5-fd49-4f7e-a7ae-de451b916882, groupInstanceId=None, clientId=console-consumer, clientHost=/192.168.1.10, sessionTimeoutMs=45000, rebalanceTimeoutMs=300000, supportedProtocols=List(range)) in group console-consumer-26012 with generation 1. (kafka.coordinator.group.GroupMetadata$)
[2026-05-29 20:22:19,280] INFO Loaded member MemberMetadata(memberId=console-consumer-dabd1a12-fff7-48dc-b55a-ad62e7ebadf8, groupInstanceId=None, clientId=console-consumer, clientHost=/192.168.1.10, sessionTimeoutMs=45000, rebalanceTimeoutMs=300000, supportedProtocols=List(range)) in group console-consumer-353 with generation 1. (kafka.coordinator.group.GroupMetadata$)
[2026-05-29 20:22:19,280] INFO [GroupMetadataManager brokerId=0] Finished loading offsets and group metadata from __consumer_offsets-12 in 60 milliseconds for epoch 26, of which 56 milliseconds was spent in the scheduler. (kafka.coordinator.group.GroupMetadataManager)
[2026-05-29 20:22:19,281] INFO [GroupMetadataManager brokerId=0] Finished loading offsets and group metadata from __consumer_offsets-41 in 60 milliseconds for epoch 26, of which 60 milliseconds was spent in the scheduler. (kafka.coordinator.group.GroupMetadataManager)
[2026-05-29 20:22:19,322] INFO Loaded member MemberMetadata(memberId=aiokafka-0.10.0-109a1125-9ae6-472e-a4ac-c9470d0010c5, groupInstanceId=None, clientId=aiokafka-0.10.0, clientHost=/192.168.117.191, sessionTimeoutMs=10000, rebalanceTimeoutMs=10000, supportedProtocols=List(roundrobin)) in group feature-store-service with generation 1. (kafka.coordinator.group.GroupMetadata$)
[2026-05-29 20:22:19,478] INFO Loaded member MemberMetadata(memberId=aiokafka-0.10.0-0d3a44bc-802c-4974-b8b7-41664afaf0c4, groupInstanceId=None, clientId=aiokafka-0.10.0, clientHost=/192.168.117.191, sessionTimeoutMs=10000, rebalanceTimeoutMs=10000, supportedProtocols=List(roundrobin)) in group feature-store-service with generation 3. (kafka.coordinator.group.GroupMetadata$)
[2026-05-29 20:22:19,618] INFO Loaded member MemberMetadata(memberId=aiokafka-0.10.0-824766cc-3938-4392-b741-6d69194a9f10, groupInstanceId=None, clientId=aiokafka-0.10.0, clientHost=/192.168.117.191, sessionTimeoutMs=10000, rebalanceTimeoutMs=10000, supportedProtocols=List(roundrobin)) in group feature-store-service with generation 5. (kafka.coordinator.group.GroupMetadata$)
[2026-05-29 20:22:19,626] INFO Loaded member MemberMetadata(memberId=aiokafka-0.10.0-63306819-6772-4562-a5e7-c40954fb89ae, groupInstanceId=None, clientId=aiokafka-0.10.0, clientHost=/192.168.117.191, sessionTimeoutMs=10000, rebalanceTimeoutMs=10000, supportedProtocols=List(roundrobin)) in group feature-store-service with generation 7. (kafka.coordinator.group.GroupMetadata$)
[2026-05-29 20:22:19,628] INFO Loaded member MemberMetadata(memberId=aiokafka-0.10.0-c0d3e8f1-6a0a-4b9e-b059-d4162ae827e6, groupInstanceId=None, clientId=aiokafka-0.10.0, clientHost=/192.168.117.191, sessionTimeoutMs=10000, rebalanceTimeoutMs=10000, supportedProtocols=List(roundrobin)) in group feature-store-service with generation 9. (kafka.coordinator.group.GroupMetadata$)
[2026-05-29 20:22:19,668] INFO Loaded member MemberMetadata(memberId=aiokafka-0.10.0-49db50fd-3911-4aa1-84c2-cf204bffb1c5, groupInstanceId=None, clientId=aiokafka-0.10.0, clientHost=/192.168.117.191, sessionTimeoutMs=10000, rebalanceTimeoutMs=10000, supportedProtocols=List(roundrobin)) in group feature-store-service with generation 11. (kafka.coordinator.group.GroupMetadata$)
[2026-05-29 20:22:19,679] INFO Loaded member MemberMetadata(memberId=aiokafka-0.10.0-3dde0701-8dab-4ce2-9f57-a207934278bc, groupInstanceId=None, clientId=aiokafka-0.10.0, clientHost=/192.168.117.191, sessionTimeoutMs=10000, rebalanceTimeoutMs=10000, supportedProtocols=List(roundrobin)) in group feature-store-service with generation 13. (kafka.coordinator.group.GroupMetadata$)
[2026-05-29 20:22:19,692] INFO Loaded member MemberMetadata(memberId=aiokafka-0.10.0-e46fd5e8-4f54-44a2-a3d2-79886592c05f, groupInstanceId=None, clientId=aiokafka-0.10.0, clientHost=/192.168.117.191, sessionTimeoutMs=10000, rebalanceTimeoutMs=10000, supportedProtocols=List(roundrobin)) in group feature-store-service with generation 15. (kafka.coordinator.group.GroupMetadata$)
[2026-05-29 20:22:19,694] INFO Loaded member MemberMetadata(memberId=aiokafka-0.10.0-7a86cb64-d1e4-489a-a800-b4f95987ebc8, groupInstanceId=None, clientId=aiokafka-0.10.0, clientHost=/192.168.117.191, sessionTimeoutMs=10000, rebalanceTimeoutMs=10000, supportedProtocols=List(roundrobin)) in group feature-store-service with generation 17. (kafka.coordinator.group.GroupMetadata$)
[2026-05-29 20:22:19,708] INFO [GroupCoordinator 0]: Loading group metadata for feature-store-service with generation 17 (kafka.coordinator.group.GroupCoordinator)
[2026-05-29 20:22:19,713] INFO [GroupMetadataManager brokerId=0] Finished loading offsets and group metadata from __consumer_offsets-24 in 491 milliseconds for epoch 26, of which 60 milliseconds was spent in the scheduler. (kafka.coordinator.group.GroupMetadataManager)
[2026-05-29 20:22:19,768] INFO Loaded member MemberMetadata(memberId=console-consumer-450c7b00-8c88-46df-b321-6bfea25f50ae, groupInstanceId=None, clientId=console-consumer, clientHost=/192.168.1.10, sessionTimeoutMs=45000, rebalanceTimeoutMs=300000, supportedProtocols=List(range)) in group console-consumer-26885 with generation 1. (kafka.coordinator.group.GroupMetadata$)
[2026-05-29 20:22:19,768] INFO [GroupMetadataManager brokerId=0] Finished loading offsets and group metadata from __consumer_offsets-20 in 547 milliseconds for epoch 26, of which 492 milliseconds was spent in the scheduler. (kafka.coordinator.group.GroupMetadataManager)
[2026-05-29 20:22:19,770] INFO Loaded member MemberMetadata(memberId=console-consumer-397b50b1-8baa-42cc-9b30-e002b68d8407, groupInstanceId=None, clientId=console-consumer, clientHost=/192.168.1.10, sessionTimeoutMs=45000, rebalanceTimeoutMs=300000, supportedProtocols=List(range)) in group console-consumer-72414 with generation 1. (kafka.coordinator.group.GroupMetadata$)
[2026-05-29 20:22:19,770] INFO [GroupMetadataManager brokerId=0] Finished loading offsets and group metadata from __consumer_offsets-49 in 548 milliseconds for epoch 26, of which 546 milliseconds was spent in the scheduler. (kafka.coordinator.group.GroupMetadataManager)
[2026-05-29 20:22:19,770] INFO [GroupMetadataManager brokerId=0] Finished loading offsets and group metadata from __consumer_offsets-0 in 548 milliseconds for epoch 26, of which 548 milliseconds was spent in the scheduler. (kafka.coordinator.group.GroupMetadataManager)
[2026-05-29 20:22:19,770] INFO [GroupMetadataManager brokerId=0] Finished loading offsets and group metadata from __consumer_offsets-29 in 548 milliseconds for epoch 26, of which 548 milliseconds was spent in the scheduler. (kafka.coordinator.group.GroupMetadataManager)
[2026-05-29 20:22:19,771] INFO [GroupMetadataManager brokerId=0] Finished loading offsets and group metadata from __consumer_offsets-25 in 549 milliseconds for epoch 26, of which 549 milliseconds was spent in the scheduler. (kafka.coordinator.group.GroupMetadataManager)
[2026-05-29 20:22:19,771] INFO [GroupMetadataManager brokerId=0] Finished loading offsets and group metadata from __consumer_offsets-8 in 549 milliseconds for epoch 26, of which 549 milliseconds was spent in the scheduler. (kafka.coordinator.group.GroupMetadataManager)
[2026-05-29 20:22:19,772] INFO Loaded member MemberMetadata(memberId=console-consumer-d83503dd-934f-410f-9278-d0e3b4d69923, groupInstanceId=None, clientId=console-consumer, clientHost=/192.168.1.10, sessionTimeoutMs=45000, rebalanceTimeoutMs=300000, supportedProtocols=List(range)) in group console-consumer-53071 with generation 1. (kafka.coordinator.group.GroupMetadata$)
[2026-05-29 20:22:19,773] INFO [GroupMetadataManager brokerId=0] Finished loading offsets and group metadata from __consumer_offsets-37 in 550 milliseconds for epoch 26, of which 548 milliseconds was spent in the scheduler. (kafka.coordinator.group.GroupMetadataManager)
[2026-05-29 20:22:19,773] INFO [GroupMetadataManager brokerId=0] Finished loading offsets and group metadata from __consumer_offsets-4 in 550 milliseconds for epoch 26, of which 550 milliseconds was spent in the scheduler. (kafka.coordinator.group.GroupMetadataManager)
[2026-05-29 20:22:19,773] INFO [GroupMetadataManager brokerId=0] Finished loading offsets and group metadata from __consumer_offsets-33 in 550 milliseconds for epoch 26, of which 550 milliseconds was spent in the scheduler. (kafka.coordinator.group.GroupMetadataManager)
[2026-05-29 20:22:19,822] INFO Loaded member MemberMetadata(memberId=console-consumer-387cf288-a403-47a7-8950-c058a4f32336, groupInstanceId=None, clientId=console-consumer, clientHost=/192.168.1.10, sessionTimeoutMs=45000, rebalanceTimeoutMs=300000, supportedProtocols=List(range)) in group console-consumer-83094 with generation 1. (kafka.coordinator.group.GroupMetadata$)
[2026-05-29 20:22:19,823] INFO Loaded member MemberMetadata(memberId=aiokafka-0.10.0-3e4b9f2a-f0b8-4606-b974-18b88b503172, groupInstanceId=None, clientId=aiokafka-0.10.0, clientHost=/192.168.117.183, sessionTimeoutMs=10000, rebalanceTimeoutMs=10000, supportedProtocols=List(roundrobin)) in group market-data-normalizer with generation 1. (kafka.coordinator.group.GroupMetadata$)
[2026-05-29 20:22:19,823] INFO Loaded member MemberMetadata(memberId=aiokafka-0.10.0-3e4b9f2a-f0b8-4606-b974-18b88b503172, groupInstanceId=None, clientId=aiokafka-0.10.0, clientHost=/192.168.117.183, sessionTimeoutMs=10000, rebalanceTimeoutMs=10000, supportedProtocols=List(roundrobin)) in group market-data-normalizer with generation 2. (kafka.coordinator.group.GroupMetadata$)
[2026-05-29 20:22:19,823] INFO Loaded member MemberMetadata(memberId=aiokafka-0.10.0-532e1a1e-95b1-4f20-b1f7-efb2140a44af, groupInstanceId=None, clientId=aiokafka-0.10.0, clientHost=/192.168.117.188, sessionTimeoutMs=10000, rebalanceTimeoutMs=10000, supportedProtocols=List(roundrobin)) in group market-data-normalizer with generation 2. (kafka.coordinator.group.GroupMetadata$)
[2026-05-29 20:22:19,824] INFO Loaded member MemberMetadata(memberId=aiokafka-0.10.0-532e1a1e-95b1-4f20-b1f7-efb2140a44af, groupInstanceId=None, clientId=aiokafka-0.10.0, clientHost=/192.168.117.188, sessionTimeoutMs=10000, rebalanceTimeoutMs=10000, supportedProtocols=List(roundrobin)) in group market-data-normalizer with generation 3. (kafka.coordinator.group.GroupMetadata$)
[2026-05-29 20:22:19,881] INFO Loaded member MemberMetadata(memberId=aiokafka-0.10.0-8e2ce2b1-6fff-4c88-b130-b92af3f2a1ad, groupInstanceId=None, clientId=aiokafka-0.10.0, clientHost=/192.168.117.188, sessionTimeoutMs=10000, rebalanceTimeoutMs=10000, supportedProtocols=List(roundrobin)) in group market-data-normalizer with generation 5. (kafka.coordinator.group.GroupMetadata$)
[2026-05-29 20:22:19,882] INFO Loaded member MemberMetadata(memberId=aiokafka-0.10.0-8f1e9e48-eaa5-4969-8986-a773b70280db, groupInstanceId=None, clientId=aiokafka-0.10.0, clientHost=/192.168.117.188, sessionTimeoutMs=10000, rebalanceTimeoutMs=10000, supportedProtocols=List(roundrobin)) in group market-data-normalizer with generation 7. (kafka.coordinator.group.GroupMetadata$)
[2026-05-29 20:22:19,977] INFO Loaded member MemberMetadata(memberId=aiokafka-0.10.0-f374b6ce-d039-4d46-9d43-e57e1e4aad46, groupInstanceId=None, clientId=aiokafka-0.10.0, clientHost=/192.168.117.188, sessionTimeoutMs=10000, rebalanceTimeoutMs=10000, supportedProtocols=List(roundrobin)) in group market-data-normalizer with generation 9. (kafka.coordinator.group.GroupMetadata$)
[2026-05-29 20:22:19,978] INFO Loaded member MemberMetadata(memberId=aiokafka-0.10.0-2eec6fed-d8ed-400e-aac4-1875dff9153c, groupInstanceId=None, clientId=aiokafka-0.10.0, clientHost=/192.168.117.188, sessionTimeoutMs=10000, rebalanceTimeoutMs=10000, supportedProtocols=List(roundrobin)) in group market-data-normalizer with generation 11. (kafka.coordinator.group.GroupMetadata$)
[2026-05-29 20:22:19,992] INFO Loaded member MemberMetadata(memberId=aiokafka-0.10.0-790adadd-0092-4d60-8168-667606fc6687, groupInstanceId=None, clientId=aiokafka-0.10.0, clientHost=/192.168.117.188, sessionTimeoutMs=10000, rebalanceTimeoutMs=10000, supportedProtocols=List(roundrobin)) in group market-data-normalizer with generation 13. (kafka.coordinator.group.GroupMetadata$)
[2026-05-29 20:22:20,009] INFO Loaded member MemberMetadata(memberId=aiokafka-0.10.0-f2ca7be0-8be2-433e-9141-0fc2cbb7e1f2, groupInstanceId=None, clientId=aiokafka-0.10.0, clientHost=/192.168.117.188, sessionTimeoutMs=10000, rebalanceTimeoutMs=10000, supportedProtocols=List(roundrobin)) in group market-data-normalizer with generation 15. (kafka.coordinator.group.GroupMetadata$)
[2026-05-29 20:22:20,017] INFO [GroupCoordinator 0]: Loading group metadata for market-data-normalizer with generation 15 (kafka.coordinator.group.GroupCoordinator)
[2026-05-29 20:22:20,018] INFO [GroupMetadataManager brokerId=0] Finished loading offsets and group metadata from __consumer_offsets-15 in 794 milliseconds for epoch 26, of which 549 milliseconds was spent in the scheduler. (kafka.coordinator.group.GroupMetadataManager)
[2026-05-29 20:22:20,020] INFO [GroupMetadataManager brokerId=0] Finished loading offsets and group metadata from __consumer_offsets-48 in 796 milliseconds for epoch 26, of which 794 milliseconds was spent in the scheduler. (kafka.coordinator.group.GroupMetadataManager)
[2026-05-29 20:22:20,068] INFO [GroupMetadataManager brokerId=0] Finished loading offsets and group metadata from __consumer_offsets-11 in 844 milliseconds for epoch 26, of which 843 milliseconds was spent in the scheduler. (kafka.coordinator.group.GroupMetadataManager)
[2026-05-29 20:22:20,069] INFO [GroupMetadataManager brokerId=0] Finished loading offsets and group metadata from __consumer_offsets-44 in 845 milliseconds for epoch 26, of which 844 milliseconds was spent in the scheduler. (kafka.coordinator.group.GroupMetadataManager)
[2026-05-29 20:22:20,069] INFO [GroupMetadataManager brokerId=0] Finished loading offsets and group metadata from __consumer_offsets-23 in 845 milliseconds for epoch 26, of which 845 milliseconds was spent in the scheduler. (kafka.coordinator.group.GroupMetadataManager)
[2026-05-29 20:22:20,070] INFO [GroupMetadataManager brokerId=0] Finished loading offsets and group metadata from __consumer_offsets-19 in 846 milliseconds for epoch 26, of which 845 milliseconds was spent in the scheduler. (kafka.coordinator.group.GroupMetadataManager)
[2026-05-29 20:22:20,071] INFO [GroupMetadataManager brokerId=0] Finished loading offsets and group metadata from __consumer_offsets-32 in 846 milliseconds for epoch 26, of which 845 milliseconds was spent in the scheduler. (kafka.coordinator.group.GroupMetadataManager)
[2026-05-29 20:22:20,071] INFO [GroupMetadataManager brokerId=0] Finished loading offsets and group metadata from __consumer_offsets-28 in 846 milliseconds for epoch 26, of which 846 milliseconds was spent in the scheduler. (kafka.coordinator.group.GroupMetadataManager)
[2026-05-29 20:22:20,071] INFO [GroupMetadataManager brokerId=0] Finished loading offsets and group metadata from __consumer_offsets-7 in 846 milliseconds for epoch 26, of which 846 milliseconds was spent in the scheduler. (kafka.coordinator.group.GroupMetadataManager)
[2026-05-29 20:22:20,072] INFO [GroupMetadataManager brokerId=0] Finished loading offsets and group metadata from __consumer_offsets-40 in 847 milliseconds for epoch 26, of which 847 milliseconds was spent in the scheduler. (kafka.coordinator.group.GroupMetadataManager)
[2026-05-29 20:22:20,073] INFO [GroupMetadataManager brokerId=0] Finished loading offsets and group metadata from __consumer_offsets-3 in 848 milliseconds for epoch 26, of which 848 milliseconds was spent in the scheduler. (kafka.coordinator.group.GroupMetadataManager)
[2026-05-29 20:22:20,075] INFO [GroupMetadataManager brokerId=0] Finished loading offsets and group metadata from __consumer_offsets-36 in 850 milliseconds for epoch 26, of which 850 milliseconds was spent in the scheduler. (kafka.coordinator.group.GroupMetadataManager)
[2026-05-29 20:22:20,075] INFO [GroupMetadataManager brokerId=0] Finished loading offsets and group metadata from __consumer_offsets-47 in 849 milliseconds for epoch 26, of which 849 milliseconds was spent in the scheduler. (kafka.coordinator.group.GroupMetadataManager)
[2026-05-29 20:22:20,077] INFO Loaded member MemberMetadata(memberId=console-consumer-81016f6b-5b7c-4ca9-bd06-616f95940e98, groupInstanceId=None, clientId=console-consumer, clientHost=/192.168.1.10, sessionTimeoutMs=45000, rebalanceTimeoutMs=300000, supportedProtocols=List(range)) in group console-consumer-45671 with generation 1. (kafka.coordinator.group.GroupMetadata$)
[2026-05-29 20:22:20,077] INFO [GroupMetadataManager brokerId=0] Finished loading offsets and group metadata from __consumer_offsets-14 in 851 milliseconds for epoch 26, of which 850 milliseconds was spent in the scheduler. (kafka.coordinator.group.GroupMetadataManager)
[2026-05-29 20:22:20,078] INFO [GroupMetadataManager brokerId=0] Finished loading offsets and group metadata from __consumer_offsets-43 in 852 milliseconds for epoch 26, of which 851 milliseconds was spent in the scheduler. (kafka.coordinator.group.GroupMetadataManager)
[2026-05-29 20:22:20,078] INFO [GroupMetadataManager brokerId=0] Finished loading offsets and group metadata from __consumer_offsets-10 in 852 milliseconds for epoch 26, of which 852 milliseconds was spent in the scheduler. (kafka.coordinator.group.GroupMetadataManager)
[2026-05-29 20:22:20,078] INFO [GroupMetadataManager brokerId=0] Finished loading offsets and group metadata from __consumer_offsets-22 in 852 milliseconds for epoch 26, of which 852 milliseconds was spent in the scheduler. (kafka.coordinator.group.GroupMetadataManager)
[2026-05-29 20:22:20,079] INFO Loaded member MemberMetadata(memberId=console-consumer-47fd3bdc-8380-4bec-b849-7a8065f4ea99, groupInstanceId=None, clientId=console-consumer, clientHost=/192.168.1.10, sessionTimeoutMs=45000, rebalanceTimeoutMs=300000, supportedProtocols=List(range)) in group console-consumer-53324 with generation 1. (kafka.coordinator.group.GroupMetadata$)
[2026-05-29 20:22:20,079] INFO [GroupMetadataManager brokerId=0] Finished loading offsets and group metadata from __consumer_offsets-18 in 852 milliseconds for epoch 26, of which 851 milliseconds was spent in the scheduler. (kafka.coordinator.group.GroupMetadataManager)
[2026-05-29 20:22:20,080] INFO [GroupMetadataManager brokerId=0] Finished loading offsets and group metadata from __consumer_offsets-31 in 853 milliseconds for epoch 26, of which 853 milliseconds was spent in the scheduler. (kafka.coordinator.group.GroupMetadataManager)
[2026-05-29 20:22:20,080] INFO [GroupMetadataManager brokerId=0] Finished loading offsets and group metadata from __consumer_offsets-27 in 853 milliseconds for epoch 26, of which 853 milliseconds was spent in the scheduler. (kafka.coordinator.group.GroupMetadataManager)
[2026-05-29 20:22:20,115] INFO Loaded member MemberMetadata(memberId=console-consumer-2fed96ed-e067-4160-802e-838378bddc10, groupInstanceId=None, clientId=console-consumer, clientHost=/192.168.1.10, sessionTimeoutMs=45000, rebalanceTimeoutMs=300000, supportedProtocols=List(range)) in group console-consumer-29917 with generation 1. (kafka.coordinator.group.GroupMetadata$)
[2026-05-29 20:22:20,115] INFO Loaded member MemberMetadata(memberId=aiokafka-0.10.0-32f8f7cd-38bf-427e-84c7-0fddf521a3c2, groupInstanceId=None, clientId=aiokafka-0.10.0, clientHost=/192.168.117.190, sessionTimeoutMs=10000, rebalanceTimeoutMs=10000, supportedProtocols=List(roundrobin)) in group market-data-persistence with generation 1. (kafka.coordinator.group.GroupMetadata$)
[2026-05-29 20:22:20,119] INFO Loaded member MemberMetadata(memberId=aiokafka-0.10.0-bd3fd42a-a88c-46df-806c-3982c6b2e7c3, groupInstanceId=None, clientId=aiokafka-0.10.0, clientHost=/192.168.117.190, sessionTimeoutMs=10000, rebalanceTimeoutMs=10000, supportedProtocols=List(roundrobin)) in group market-data-persistence with generation 3. (kafka.coordinator.group.GroupMetadata$)
[2026-05-29 20:22:20,122] INFO Loaded member MemberMetadata(memberId=aiokafka-0.10.0-09e2d3a2-34db-48ce-8a70-817dcc112aea, groupInstanceId=None, clientId=aiokafka-0.10.0, clientHost=/192.168.117.190, sessionTimeoutMs=10000, rebalanceTimeoutMs=10000, supportedProtocols=List(roundrobin)) in group market-data-persistence with generation 5. (kafka.coordinator.group.GroupMetadata$)
[2026-05-29 20:22:20,126] INFO Loaded member MemberMetadata(memberId=aiokafka-0.10.0-21c494ad-bea9-4819-be3d-ff754715cd51, groupInstanceId=None, clientId=aiokafka-0.10.0, clientHost=/192.168.117.190, sessionTimeoutMs=10000, rebalanceTimeoutMs=10000, supportedProtocols=List(roundrobin)) in group market-data-persistence with generation 7. (kafka.coordinator.group.GroupMetadata$)
[2026-05-29 20:22:20,128] INFO Loaded member MemberMetadata(memberId=aiokafka-0.10.0-43a8b474-ed8a-40c4-b873-b80b11712a87, groupInstanceId=None, clientId=aiokafka-0.10.0, clientHost=/192.168.117.190, sessionTimeoutMs=10000, rebalanceTimeoutMs=10000, supportedProtocols=List(roundrobin)) in group market-data-persistence with generation 9. (kafka.coordinator.group.GroupMetadata$)
[2026-05-29 20:22:20,128] INFO Loaded member MemberMetadata(memberId=aiokafka-0.10.0-b4198935-c456-4bee-82b6-b28d34c2b996, groupInstanceId=None, clientId=aiokafka-0.10.0, clientHost=/192.168.117.190, sessionTimeoutMs=10000, rebalanceTimeoutMs=10000, supportedProtocols=List(roundrobin)) in group market-data-persistence with generation 11. (kafka.coordinator.group.GroupMetadata$)
[2026-05-29 20:22:20,128] INFO Loaded member MemberMetadata(memberId=aiokafka-0.10.0-d63b3b70-d6db-4830-911f-04cccec91069, groupInstanceId=None, clientId=aiokafka-0.10.0, clientHost=/192.168.117.190, sessionTimeoutMs=10000, rebalanceTimeoutMs=10000, supportedProtocols=List(roundrobin)) in group market-data-persistence with generation 13. (kafka.coordinator.group.GroupMetadata$)
[2026-05-29 20:22:20,129] INFO Loaded member MemberMetadata(memberId=aiokafka-0.10.0-306e89c8-bedb-4f41-b5a3-54fba285a7b5, groupInstanceId=None, clientId=aiokafka-0.10.0, clientHost=/192.168.117.190, sessionTimeoutMs=10000, rebalanceTimeoutMs=10000, supportedProtocols=List(roundrobin)) in group market-data-persistence with generation 15. (kafka.coordinator.group.GroupMetadata$)
[2026-05-29 20:22:20,129] INFO Loaded member MemberMetadata(memberId=aiokafka-0.10.0-ee5eb2ef-bec1-4548-8f3c-14ee95e6f7cd, groupInstanceId=None, clientId=aiokafka-0.10.0, clientHost=/192.168.117.190, sessionTimeoutMs=10000, rebalanceTimeoutMs=10000, supportedProtocols=List(roundrobin)) in group market-data-persistence with generation 17. (kafka.coordinator.group.GroupMetadata$)
[2026-05-29 20:22:20,130] INFO Loaded member MemberMetadata(memberId=aiokafka-0.10.0-b4e02341-6f8d-45e5-8b12-ec3b97fa307d, groupInstanceId=None, clientId=aiokafka-0.10.0, clientHost=/192.168.117.190, sessionTimeoutMs=10000, rebalanceTimeoutMs=10000, supportedProtocols=List(roundrobin)) in group market-data-persistence with generation 19. (kafka.coordinator.group.GroupMetadata$)
[2026-05-29 20:22:20,130] INFO Loaded member MemberMetadata(memberId=aiokafka-0.10.0-73b627c9-0847-449a-945e-ab9fe6902ace, groupInstanceId=None, clientId=aiokafka-0.10.0, clientHost=/192.168.117.190, sessionTimeoutMs=10000, rebalanceTimeoutMs=10000, supportedProtocols=List(roundrobin)) in group market-data-persistence with generation 21. (kafka.coordinator.group.GroupMetadata$)
[2026-05-29 20:22:20,131] INFO Loaded member MemberMetadata(memberId=aiokafka-0.10.0-1c72ecd4-eade-48bd-9859-5d9b5209df7f, groupInstanceId=None, clientId=aiokafka-0.10.0, clientHost=/192.168.117.190, sessionTimeoutMs=10000, rebalanceTimeoutMs=10000, supportedProtocols=List(roundrobin)) in group market-data-persistence with generation 23. (kafka.coordinator.group.GroupMetadata$)
[2026-05-29 20:22:20,131] INFO Loaded member MemberMetadata(memberId=aiokafka-0.10.0-56ecf1b7-f8c9-4b79-aab8-4bc5d739893f, groupInstanceId=None, clientId=aiokafka-0.10.0, clientHost=/192.168.117.190, sessionTimeoutMs=10000, rebalanceTimeoutMs=10000, supportedProtocols=List(roundrobin)) in group market-data-persistence with generation 25. (kafka.coordinator.group.GroupMetadata$)
[2026-05-29 20:22:20,132] INFO Loaded member MemberMetadata(memberId=aiokafka-0.10.0-131ef408-c7d8-4684-bddd-f135b21ce0f6, groupInstanceId=None, clientId=aiokafka-0.10.0, clientHost=/192.168.117.161, sessionTimeoutMs=10000, rebalanceTimeoutMs=10000, supportedProtocols=List(roundrobin)) in group market-data-persistence with generation 27. (kafka.coordinator.group.GroupMetadata$)
[2026-05-29 20:22:20,167] INFO Loaded member MemberMetadata(memberId=aiokafka-0.10.0-592802c6-6a5f-4b4d-ab65-f819dd7df9e4, groupInstanceId=None, clientId=aiokafka-0.10.0, clientHost=/192.168.117.161, sessionTimeoutMs=10000, rebalanceTimeoutMs=10000, supportedProtocols=List(roundrobin)) in group market-data-persistence with generation 29. (kafka.coordinator.group.GroupMetadata$)
[2026-05-29 20:22:20,168] INFO Loaded member MemberMetadata(memberId=aiokafka-0.10.0-c5f0a8f2-09b9-45cd-8bdc-bf6d887a78c4, groupInstanceId=None, clientId=aiokafka-0.10.0, clientHost=/192.168.117.161, sessionTimeoutMs=10000, rebalanceTimeoutMs=10000, supportedProtocols=List(roundrobin)) in group market-data-persistence with generation 31. (kafka.coordinator.group.GroupMetadata$)
[2026-05-29 20:22:20,169] INFO Loaded member MemberMetadata(memberId=aiokafka-0.10.0-88b0a5df-60d8-4ad9-8501-62056f41a3d4, groupInstanceId=None, clientId=aiokafka-0.10.0, clientHost=/192.168.117.161, sessionTimeoutMs=10000, rebalanceTimeoutMs=10000, supportedProtocols=List(roundrobin)) in group market-data-persistence with generation 33. (kafka.coordinator.group.GroupMetadata$)
[2026-05-29 20:22:20,169] INFO Loaded member MemberMetadata(memberId=aiokafka-0.10.0-8ed5f692-1d54-4eb5-88f0-92201b64e7d7, groupInstanceId=None, clientId=aiokafka-0.10.0, clientHost=/192.168.117.161, sessionTimeoutMs=10000, rebalanceTimeoutMs=10000, supportedProtocols=List(roundrobin)) in group market-data-persistence with generation 35. (kafka.coordinator.group.GroupMetadata$)
[2026-05-29 20:22:20,170] INFO Loaded member MemberMetadata(memberId=aiokafka-0.10.0-422758f9-b2c3-4d83-a7b1-925b0cbd0fb8, groupInstanceId=None, clientId=aiokafka-0.10.0, clientHost=/192.168.117.161, sessionTimeoutMs=10000, rebalanceTimeoutMs=10000, supportedProtocols=List(roundrobin)) in group market-data-persistence with generation 37. (kafka.coordinator.group.GroupMetadata$)
[2026-05-29 20:22:20,170] INFO Loaded member MemberMetadata(memberId=aiokafka-0.10.0-ef0b6e0b-35a5-4cb3-96c1-edce4a1084ff, groupInstanceId=None, clientId=aiokafka-0.10.0, clientHost=/192.168.117.161, sessionTimeoutMs=10000, rebalanceTimeoutMs=10000, supportedProtocols=List(roundrobin)) in group market-data-persistence with generation 39. (kafka.coordinator.group.GroupMetadata$)
[2026-05-29 20:22:20,170] INFO Loaded member MemberMetadata(memberId=aiokafka-0.10.0-e14d1640-ed15-4cd1-9789-e2fc1dbc53ec, groupInstanceId=None, clientId=aiokafka-0.10.0, clientHost=/192.168.117.162, sessionTimeoutMs=10000, rebalanceTimeoutMs=10000, supportedProtocols=List(roundrobin)) in group market-data-persistence with generation 41. (kafka.coordinator.group.GroupMetadata$)
[2026-05-29 20:22:20,172] INFO Loaded member MemberMetadata(memberId=aiokafka-0.10.0-88198d9d-db96-472d-acea-2a76be66aab3, groupInstanceId=None, clientId=aiokafka-0.10.0, clientHost=/192.168.117.162, sessionTimeoutMs=10000, rebalanceTimeoutMs=10000, supportedProtocols=List(roundrobin)) in group market-data-persistence with generation 43. (kafka.coordinator.group.GroupMetadata$)
[2026-05-29 20:22:20,173] INFO Loaded member MemberMetadata(memberId=aiokafka-0.10.0-6cad4b6e-077d-4a16-829e-e284482ba378, groupInstanceId=None, clientId=aiokafka-0.10.0, clientHost=/192.168.117.162, sessionTimeoutMs=10000, rebalanceTimeoutMs=10000, supportedProtocols=List(roundrobin)) in group market-data-persistence with generation 45. (kafka.coordinator.group.GroupMetadata$)
[2026-05-29 20:22:20,210] INFO Loaded member MemberMetadata(memberId=aiokafka-0.10.0-612b15d7-36e9-41fd-9aac-a4dfd71366bd, groupInstanceId=None, clientId=aiokafka-0.10.0, clientHost=/192.168.117.162, sessionTimeoutMs=10000, rebalanceTimeoutMs=10000, supportedProtocols=List(roundrobin)) in group market-data-persistence with generation 47. (kafka.coordinator.group.GroupMetadata$)
[2026-05-29 20:22:20,210] INFO Loaded member MemberMetadata(memberId=aiokafka-0.10.0-703dd3dc-b483-4535-8570-77d431b0d155, groupInstanceId=None, clientId=aiokafka-0.10.0, clientHost=/192.168.117.162, sessionTimeoutMs=10000, rebalanceTimeoutMs=10000, supportedProtocols=List(roundrobin)) in group market-data-persistence with generation 49. (kafka.coordinator.group.GroupMetadata$)
[2026-05-29 20:22:20,211] INFO Loaded member MemberMetadata(memberId=aiokafka-0.10.0-4dcc0178-9b81-4699-9d0c-550900f686da, groupInstanceId=None, clientId=aiokafka-0.10.0, clientHost=/192.168.117.162, sessionTimeoutMs=10000, rebalanceTimeoutMs=10000, supportedProtocols=List(roundrobin)) in group market-data-persistence with generation 51. (kafka.coordinator.group.GroupMetadata$)
[2026-05-29 20:22:20,211] INFO Loaded member MemberMetadata(memberId=aiokafka-0.10.0-1dae1894-8ae0-4922-94ba-4bbc5eae57f9, groupInstanceId=None, clientId=aiokafka-0.10.0, clientHost=/192.168.117.162, sessionTimeoutMs=10000, rebalanceTimeoutMs=10000, supportedProtocols=List(roundrobin)) in group market-data-persistence with generation 53. (kafka.coordinator.group.GroupMetadata$)
[2026-05-29 20:22:20,211] INFO Loaded member MemberMetadata(memberId=aiokafka-0.10.0-ead67996-a4df-48fb-8286-6719ca6695f4, groupInstanceId=None, clientId=aiokafka-0.10.0, clientHost=/192.168.117.162, sessionTimeoutMs=10000, rebalanceTimeoutMs=10000, supportedProtocols=List(roundrobin)) in group market-data-persistence with generation 55. (kafka.coordinator.group.GroupMetadata$)
[2026-05-29 20:22:20,211] INFO Loaded member MemberMetadata(memberId=aiokafka-0.10.0-7c306bdf-d665-46ae-b2c9-aeee6287d6c2, groupInstanceId=None, clientId=aiokafka-0.10.0, clientHost=/192.168.117.162, sessionTimeoutMs=10000, rebalanceTimeoutMs=10000, supportedProtocols=List(roundrobin)) in group market-data-persistence with generation 57. (kafka.coordinator.group.GroupMetadata$)
[2026-05-29 20:22:20,211] INFO Loaded member MemberMetadata(memberId=aiokafka-0.10.0-b682827d-542b-4234-b69f-790750c66821, groupInstanceId=None, clientId=aiokafka-0.10.0, clientHost=/192.168.117.162, sessionTimeoutMs=10000, rebalanceTimeoutMs=10000, supportedProtocols=List(roundrobin)) in group market-data-persistence with generation 59. (kafka.coordinator.group.GroupMetadata$)
[2026-05-29 20:22:20,212] INFO Loaded member MemberMetadata(memberId=aiokafka-0.10.0-d67a2118-d03f-456c-b887-4b41c4e0b74b, groupInstanceId=None, clientId=aiokafka-0.10.0, clientHost=/192.168.117.162, sessionTimeoutMs=10000, rebalanceTimeoutMs=10000, supportedProtocols=List(roundrobin)) in group market-data-persistence with generation 61. (kafka.coordinator.group.GroupMetadata$)
[2026-05-29 20:22:20,212] INFO Loaded member MemberMetadata(memberId=aiokafka-0.10.0-fee4b99d-b6fc-44df-bda8-f884803685c2, groupInstanceId=None, clientId=aiokafka-0.10.0, clientHost=/192.168.117.162, sessionTimeoutMs=10000, rebalanceTimeoutMs=10000, supportedProtocols=List(roundrobin)) in group market-data-persistence with generation 63. (kafka.coordinator.group.GroupMetadata$)
[2026-05-29 20:22:20,212] INFO Loaded member MemberMetadata(memberId=aiokafka-0.10.0-afa3d2d2-5b6f-43c4-b981-bcaaaf405260, groupInstanceId=None, clientId=aiokafka-0.10.0, clientHost=/192.168.117.162, sessionTimeoutMs=10000, rebalanceTimeoutMs=10000, supportedProtocols=List(roundrobin)) in group market-data-persistence with generation 65. (kafka.coordinator.group.GroupMetadata$)
[2026-05-29 20:22:20,212] INFO Loaded member MemberMetadata(memberId=aiokafka-0.10.0-051e62af-bc37-4730-828a-2ab7868e98b7, groupInstanceId=None, clientId=aiokafka-0.10.0, clientHost=/192.168.117.162, sessionTimeoutMs=10000, rebalanceTimeoutMs=10000, supportedProtocols=List(roundrobin)) in group market-data-persistence with generation 67. (kafka.coordinator.group.GroupMetadata$)
[2026-05-29 20:22:20,213] INFO Loaded member MemberMetadata(memberId=aiokafka-0.10.0-cd4458ee-8b07-4474-8bed-6501dd68f5f9, groupInstanceId=None, clientId=aiokafka-0.10.0, clientHost=/192.168.117.162, sessionTimeoutMs=10000, rebalanceTimeoutMs=10000, supportedProtocols=List(roundrobin)) in group market-data-persistence with generation 69. (kafka.coordinator.group.GroupMetadata$)
[2026-05-29 20:22:20,213] INFO Loaded member MemberMetadata(memberId=aiokafka-0.10.0-6fd7f288-d92d-408a-b2be-16463963d1e7, groupInstanceId=None, clientId=aiokafka-0.10.0, clientHost=/192.168.117.162, sessionTimeoutMs=10000, rebalanceTimeoutMs=10000, supportedProtocols=List(roundrobin)) in group market-data-persistence with generation 71. (kafka.coordinator.group.GroupMetadata$)
[2026-05-29 20:22:20,214] INFO Loaded member MemberMetadata(memberId=aiokafka-0.10.0-1173a079-5db8-49a7-99fa-20444d87d0c7, groupInstanceId=None, clientId=aiokafka-0.10.0, clientHost=/192.168.117.162, sessionTimeoutMs=10000, rebalanceTimeoutMs=10000, supportedProtocols=List(roundrobin)) in group market-data-persistence with generation 73. (kafka.coordinator.group.GroupMetadata$)
[2026-05-29 20:22:20,214] INFO Loaded member MemberMetadata(memberId=aiokafka-0.10.0-433c5439-e278-4c28-b833-82fb5705bbc2, groupInstanceId=None, clientId=aiokafka-0.10.0, clientHost=/192.168.117.162, sessionTimeoutMs=10000, rebalanceTimeoutMs=10000, supportedProtocols=List(roundrobin)) in group market-data-persistence with generation 75. (kafka.coordinator.group.GroupMetadata$)
[2026-05-29 20:22:20,214] INFO Loaded member MemberMetadata(memberId=aiokafka-0.10.0-acec7d9c-fc62-4edf-8550-85d1bcfa4671, groupInstanceId=None, clientId=aiokafka-0.10.0, clientHost=/192.168.117.162, sessionTimeoutMs=10000, rebalanceTimeoutMs=10000, supportedProtocols=List(roundrobin)) in group market-data-persistence with generation 77. (kafka.coordinator.group.GroupMetadata$)
[2026-05-29 20:22:20,214] INFO Loaded member MemberMetadata(memberId=aiokafka-0.10.0-e704f950-0f90-411e-b9ff-7f3bb8bc9f86, groupInstanceId=None, clientId=aiokafka-0.10.0, clientHost=/192.168.117.162, sessionTimeoutMs=10000, rebalanceTimeoutMs=10000, supportedProtocols=List(roundrobin)) in group market-data-persistence with generation 79. (kafka.coordinator.group.GroupMetadata$)
[2026-05-29 20:22:20,215] INFO Loaded member MemberMetadata(memberId=aiokafka-0.10.0-6bff6aeb-6b14-441b-a9fe-eb976ed986f0, groupInstanceId=None, clientId=aiokafka-0.10.0, clientHost=/192.168.117.162, sessionTimeoutMs=10000, rebalanceTimeoutMs=10000, supportedProtocols=List(roundrobin)) in group market-data-persistence with generation 81. (kafka.coordinator.group.GroupMetadata$)
[2026-05-29 20:22:20,215] INFO Loaded member MemberMetadata(memberId=aiokafka-0.10.0-b8a6226c-a551-4e92-a53e-3c9fe37d47a0, groupInstanceId=None, clientId=aiokafka-0.10.0, clientHost=/192.168.117.162, sessionTimeoutMs=10000, rebalanceTimeoutMs=10000, supportedProtocols=List(roundrobin)) in group market-data-persistence with generation 83. (kafka.coordinator.group.GroupMetadata$)
[2026-05-29 20:22:20,215] INFO Loaded member MemberMetadata(memberId=aiokafka-0.10.0-44bc10ab-1ade-4fee-9cdf-49260a40e995, groupInstanceId=None, clientId=aiokafka-0.10.0, clientHost=/192.168.117.162, sessionTimeoutMs=10000, rebalanceTimeoutMs=10000, supportedProtocols=List(roundrobin)) in group market-data-persistence with generation 85. (kafka.coordinator.group.GroupMetadata$)
[2026-05-29 20:22:20,215] INFO Loaded member MemberMetadata(memberId=aiokafka-0.10.0-39d7b4eb-18b6-49ad-99d7-e5d51dbd58d2, groupInstanceId=None, clientId=aiokafka-0.10.0, clientHost=/192.168.117.162, sessionTimeoutMs=10000, rebalanceTimeoutMs=10000, supportedProtocols=List(roundrobin)) in group market-data-persistence with generation 87. (kafka.coordinator.group.GroupMetadata$)
[2026-05-29 20:22:20,215] INFO Loaded member MemberMetadata(memberId=aiokafka-0.10.0-95db6a8d-126e-4ce7-a7d9-f3f28533ac1b, groupInstanceId=None, clientId=aiokafka-0.10.0, clientHost=/192.168.117.162, sessionTimeoutMs=10000, rebalanceTimeoutMs=10000, supportedProtocols=List(roundrobin)) in group market-data-persistence with generation 89. (kafka.coordinator.group.GroupMetadata$)
[2026-05-29 20:22:20,216] INFO Loaded member MemberMetadata(memberId=aiokafka-0.10.0-55474230-0038-41ac-910b-991e2a78104c, groupInstanceId=None, clientId=aiokafka-0.10.0, clientHost=/192.168.117.162, sessionTimeoutMs=10000, rebalanceTimeoutMs=10000, supportedProtocols=List(roundrobin)) in group market-data-persistence with generation 91. (kafka.coordinator.group.GroupMetadata$)
[2026-05-29 20:22:20,216] INFO Loaded member MemberMetadata(memberId=aiokafka-0.10.0-6b76eff9-adab-465a-8b5e-3bd1bd00dbb9, groupInstanceId=None, clientId=aiokafka-0.10.0, clientHost=/192.168.117.162, sessionTimeoutMs=10000, rebalanceTimeoutMs=10000, supportedProtocols=List(roundrobin)) in group market-data-persistence with generation 93. (kafka.coordinator.group.GroupMetadata$)
[2026-05-29 20:22:20,218] INFO Loaded member MemberMetadata(memberId=aiokafka-0.10.0-82da1107-94d7-4e86-a1d1-6272e4fc4f83, groupInstanceId=None, clientId=aiokafka-0.10.0, clientHost=/192.168.117.162, sessionTimeoutMs=10000, rebalanceTimeoutMs=10000, supportedProtocols=List(roundrobin)) in group market-data-persistence with generation 95. (kafka.coordinator.group.GroupMetadata$)
[2026-05-29 20:22:20,219] INFO Loaded member MemberMetadata(memberId=aiokafka-0.10.0-7890a95c-4a18-496d-b77e-adce25dba258, groupInstanceId=None, clientId=aiokafka-0.10.0, clientHost=/192.168.117.162, sessionTimeoutMs=10000, rebalanceTimeoutMs=10000, supportedProtocols=List(roundrobin)) in group market-data-persistence with generation 97. (kafka.coordinator.group.GroupMetadata$)
[2026-05-29 20:22:20,219] INFO Loaded member MemberMetadata(memberId=aiokafka-0.10.0-9ba36cde-7d77-475b-91b0-ffea4127d66e, groupInstanceId=None, clientId=aiokafka-0.10.0, clientHost=/192.168.117.162, sessionTimeoutMs=10000, rebalanceTimeoutMs=10000, supportedProtocols=List(roundrobin)) in group market-data-persistence with generation 99. (kafka.coordinator.group.GroupMetadata$)
[2026-05-29 20:22:20,220] INFO Loaded member MemberMetadata(memberId=aiokafka-0.10.0-4a99ec58-ae16-4d17-b8e1-ec711099e7ed, groupInstanceId=None, clientId=aiokafka-0.10.0, clientHost=/192.168.117.162, sessionTimeoutMs=10000, rebalanceTimeoutMs=10000, supportedProtocols=List(roundrobin)) in group market-data-persistence with generation 101. (kafka.coordinator.group.GroupMetadata$)
[2026-05-29 20:22:20,220] INFO Loaded member MemberMetadata(memberId=aiokafka-0.10.0-850b37b2-3162-4445-8fbe-924870edb0b1, groupInstanceId=None, clientId=aiokafka-0.10.0, clientHost=/192.168.117.162, sessionTimeoutMs=10000, rebalanceTimeoutMs=10000, supportedProtocols=List(roundrobin)) in group market-data-persistence with generation 103. (kafka.coordinator.group.GroupMetadata$)
[2026-05-29 20:22:20,267] INFO Loaded member MemberMetadata(memberId=aiokafka-0.10.0-df0ecd6a-58c8-4625-b7fb-ff2054df8c6d, groupInstanceId=None, clientId=aiokafka-0.10.0, clientHost=/192.168.117.162, sessionTimeoutMs=10000, rebalanceTimeoutMs=10000, supportedProtocols=List(roundrobin)) in group market-data-persistence with generation 105. (kafka.coordinator.group.GroupMetadata$)
[2026-05-29 20:22:20,268] INFO Loaded member MemberMetadata(memberId=aiokafka-0.10.0-f6631aa8-e7fc-464d-8e33-68f8d36d660f, groupInstanceId=None, clientId=aiokafka-0.10.0, clientHost=/192.168.117.162, sessionTimeoutMs=10000, rebalanceTimeoutMs=10000, supportedProtocols=List(roundrobin)) in group market-data-persistence with generation 107. (kafka.coordinator.group.GroupMetadata$)
[2026-05-29 20:22:20,268] INFO Loaded member MemberMetadata(memberId=aiokafka-0.10.0-b979c2c6-fb5f-49e4-9c62-6ff28f2d7dd1, groupInstanceId=None, clientId=aiokafka-0.10.0, clientHost=/192.168.117.162, sessionTimeoutMs=10000, rebalanceTimeoutMs=10000, supportedProtocols=List(roundrobin)) in group market-data-persistence with generation 109. (kafka.coordinator.group.GroupMetadata$)
[2026-05-29 20:22:20,268] INFO Loaded member MemberMetadata(memberId=aiokafka-0.10.0-b16e680e-4d73-46a6-b48d-688b915496d5, groupInstanceId=None, clientId=aiokafka-0.10.0, clientHost=/192.168.117.162, sessionTimeoutMs=10000, rebalanceTimeoutMs=10000, supportedProtocols=List(roundrobin)) in group market-data-persistence with generation 111. (kafka.coordinator.group.GroupMetadata$)
[2026-05-29 20:22:20,268] INFO Loaded member MemberMetadata(memberId=aiokafka-0.10.0-573c8f05-f7f0-4143-98a0-caacbfb4464b, groupInstanceId=None, clientId=aiokafka-0.10.0, clientHost=/192.168.117.162, sessionTimeoutMs=10000, rebalanceTimeoutMs=10000, supportedProtocols=List(roundrobin)) in group market-data-persistence with generation 113. (kafka.coordinator.group.GroupMetadata$)
[2026-05-29 20:22:20,268] INFO Loaded member MemberMetadata(memberId=aiokafka-0.10.0-b0e1fc4d-c173-4f1d-a06d-a83f739ea160, groupInstanceId=None, clientId=aiokafka-0.10.0, clientHost=/192.168.117.162, sessionTimeoutMs=10000, rebalanceTimeoutMs=10000, supportedProtocols=List(roundrobin)) in group market-data-persistence with generation 115. (kafka.coordinator.group.GroupMetadata$)
[2026-05-29 20:22:20,269] INFO Loaded member MemberMetadata(memberId=aiokafka-0.10.0-b4ae658b-3cc0-48f4-b9ce-a771dc7273a5, groupInstanceId=None, clientId=aiokafka-0.10.0, clientHost=/192.168.117.162, sessionTimeoutMs=10000, rebalanceTimeoutMs=10000, supportedProtocols=List(roundrobin)) in group market-data-persistence with generation 117. (kafka.coordinator.group.GroupMetadata$)
[2026-05-29 20:22:20,269] INFO Loaded member MemberMetadata(memberId=aiokafka-0.10.0-9d1cfc81-7941-4bfd-bff5-f630bd7110e6, groupInstanceId=None, clientId=aiokafka-0.10.0, clientHost=/192.168.117.162, sessionTimeoutMs=10000, rebalanceTimeoutMs=10000, supportedProtocols=List(roundrobin)) in group market-data-persistence with generation 119. (kafka.coordinator.group.GroupMetadata$)
[2026-05-29 20:22:20,269] INFO Loaded member MemberMetadata(memberId=aiokafka-0.10.0-223df89a-c701-4905-bc33-ed5962fea08b, groupInstanceId=None, clientId=aiokafka-0.10.0, clientHost=/192.168.117.162, sessionTimeoutMs=10000, rebalanceTimeoutMs=10000, supportedProtocols=List(roundrobin)) in group market-data-persistence with generation 121. (kafka.coordinator.group.GroupMetadata$)
[2026-05-29 20:22:20,269] INFO Loaded member MemberMetadata(memberId=aiokafka-0.10.0-831f706e-8f24-4d24-9de2-1b5f6840ae9f, groupInstanceId=None, clientId=aiokafka-0.10.0, clientHost=/192.168.117.162, sessionTimeoutMs=10000, rebalanceTimeoutMs=10000, supportedProtocols=List(roundrobin)) in group market-data-persistence with generation 123. (kafka.coordinator.group.GroupMetadata$)
[2026-05-29 20:22:20,269] INFO Loaded member MemberMetadata(memberId=aiokafka-0.10.0-817a88a6-8070-4f92-84c9-14ae2070a403, groupInstanceId=None, clientId=aiokafka-0.10.0, clientHost=/192.168.117.162, sessionTimeoutMs=10000, rebalanceTimeoutMs=10000, supportedProtocols=List(roundrobin)) in group market-data-persistence with generation 125. (kafka.coordinator.group.GroupMetadata$)
[2026-05-29 20:22:20,270] INFO Loaded member MemberMetadata(memberId=aiokafka-0.10.0-e895a710-a8d7-475a-b0c0-ff8442d6ddb3, groupInstanceId=None, clientId=aiokafka-0.10.0, clientHost=/192.168.117.162, sessionTimeoutMs=10000, rebalanceTimeoutMs=10000, supportedProtocols=List(roundrobin)) in group market-data-persistence with generation 127. (kafka.coordinator.group.GroupMetadata$)
[2026-05-29 20:22:20,270] INFO Loaded member MemberMetadata(memberId=aiokafka-0.10.0-9f2896cd-06c3-481a-9235-5dd6d8c662b0, groupInstanceId=None, clientId=aiokafka-0.10.0, clientHost=/192.168.117.162, sessionTimeoutMs=10000, rebalanceTimeoutMs=10000, supportedProtocols=List(roundrobin)) in group market-data-persistence with generation 129. (kafka.coordinator.group.GroupMetadata$)
[2026-05-29 20:22:20,270] INFO Loaded member MemberMetadata(memberId=aiokafka-0.10.0-75c4c664-f7e6-43d7-b8f5-5ef647a6d800, groupInstanceId=None, clientId=aiokafka-0.10.0, clientHost=/192.168.117.162, sessionTimeoutMs=10000, rebalanceTimeoutMs=10000, supportedProtocols=List(roundrobin)) in group market-data-persistence with generation 131. (kafka.coordinator.group.GroupMetadata$)
[2026-05-29 20:22:20,270] INFO Loaded member MemberMetadata(memberId=aiokafka-0.10.0-a1e2f866-cf07-46e4-bcf7-2bdac1c910ac, groupInstanceId=None, clientId=aiokafka-0.10.0, clientHost=/192.168.117.162, sessionTimeoutMs=10000, rebalanceTimeoutMs=10000, supportedProtocols=List(roundrobin)) in group market-data-persistence with generation 133. (kafka.coordinator.group.GroupMetadata$)
[2026-05-29 20:22:20,270] INFO Loaded member MemberMetadata(memberId=aiokafka-0.10.0-73bea4f6-b34d-4e45-839b-361d397ac5e7, groupInstanceId=None, clientId=aiokafka-0.10.0, clientHost=/192.168.117.162, sessionTimeoutMs=10000, rebalanceTimeoutMs=10000, supportedProtocols=List(roundrobin)) in group market-data-persistence with generation 135. (kafka.coordinator.group.GroupMetadata$)
[2026-05-29 20:22:20,271] INFO Loaded member MemberMetadata(memberId=aiokafka-0.10.0-514ac38f-b447-4683-b4c9-bef371c14c49, groupInstanceId=None, clientId=aiokafka-0.10.0, clientHost=/192.168.117.162, sessionTimeoutMs=10000, rebalanceTimeoutMs=10000, supportedProtocols=List(roundrobin)) in group market-data-persistence with generation 137. (kafka.coordinator.group.GroupMetadata$)
[2026-05-29 20:22:20,271] INFO Loaded member MemberMetadata(memberId=aiokafka-0.10.0-c05a5584-85ad-4bcf-8751-8f8778864fe5, groupInstanceId=None, clientId=aiokafka-0.10.0, clientHost=/192.168.117.162, sessionTimeoutMs=10000, rebalanceTimeoutMs=10000, supportedProtocols=List(roundrobin)) in group market-data-persistence with generation 139. (kafka.coordinator.group.GroupMetadata$)
[2026-05-29 20:22:20,271] INFO Loaded member MemberMetadata(memberId=aiokafka-0.10.0-750496fe-4ce5-49d0-b943-346e171b3a35, groupInstanceId=None, clientId=aiokafka-0.10.0, clientHost=/192.168.117.162, sessionTimeoutMs=10000, rebalanceTimeoutMs=10000, supportedProtocols=List(roundrobin)) in group market-data-persistence with generation 141. (kafka.coordinator.group.GroupMetadata$)
[2026-05-29 20:22:20,271] INFO Loaded member MemberMetadata(memberId=aiokafka-0.10.0-e15428aa-05e3-4c12-b5cd-ee8530dece67, groupInstanceId=None, clientId=aiokafka-0.10.0, clientHost=/192.168.117.162, sessionTimeoutMs=10000, rebalanceTimeoutMs=10000, supportedProtocols=List(roundrobin)) in group market-data-persistence with generation 143. (kafka.coordinator.group.GroupMetadata$)
[2026-05-29 20:22:20,271] INFO Loaded member MemberMetadata(memberId=aiokafka-0.10.0-dc5e1ce1-a13b-4fde-9201-656f9e4cb6cd, groupInstanceId=None, clientId=aiokafka-0.10.0, clientHost=/192.168.117.162, sessionTimeoutMs=10000, rebalanceTimeoutMs=10000, supportedProtocols=List(roundrobin)) in group market-data-persistence with generation 145. (kafka.coordinator.group.GroupMetadata$)
[2026-05-29 20:22:20,271] INFO Loaded member MemberMetadata(memberId=aiokafka-0.10.0-66661540-741a-42af-a23d-626efd2cd2f2, groupInstanceId=None, clientId=aiokafka-0.10.0, clientHost=/192.168.117.162, sessionTimeoutMs=10000, rebalanceTimeoutMs=10000, supportedProtocols=List(roundrobin)) in group market-data-persistence with generation 147. (kafka.coordinator.group.GroupMetadata$)
[2026-05-29 20:22:20,272] INFO Loaded member MemberMetadata(memberId=aiokafka-0.10.0-c71e196c-c213-43d6-93c6-5f7f4f1c7b06, groupInstanceId=None, clientId=aiokafka-0.10.0, clientHost=/192.168.117.162, sessionTimeoutMs=10000, rebalanceTimeoutMs=10000, supportedProtocols=List(roundrobin)) in group market-data-persistence with generation 149. (kafka.coordinator.group.GroupMetadata$)
[2026-05-29 20:22:20,272] INFO Loaded member MemberMetadata(memberId=aiokafka-0.10.0-ff6768e2-2399-430d-bec9-aed762ec1be5, groupInstanceId=None, clientId=aiokafka-0.10.0, clientHost=/192.168.117.162, sessionTimeoutMs=10000, rebalanceTimeoutMs=10000, supportedProtocols=List(roundrobin)) in group market-data-persistence with generation 151. (kafka.coordinator.group.GroupMetadata$)
[2026-05-29 20:22:20,272] INFO Loaded member MemberMetadata(memberId=aiokafka-0.10.0-c253de0e-06ad-414b-87da-07a1a04b7980, groupInstanceId=None, clientId=aiokafka-0.10.0, clientHost=/192.168.117.162, sessionTimeoutMs=10000, rebalanceTimeoutMs=10000, supportedProtocols=List(roundrobin)) in group market-data-persistence with generation 153. (kafka.coordinator.group.GroupMetadata$)
[2026-05-29 20:22:20,272] INFO Loaded member MemberMetadata(memberId=aiokafka-0.10.0-2b28d979-c32a-414f-b810-a9aa85c95d26, groupInstanceId=None, clientId=aiokafka-0.10.0, clientHost=/192.168.117.162, sessionTimeoutMs=10000, rebalanceTimeoutMs=10000, supportedProtocols=List(roundrobin)) in group market-data-persistence with generation 155. (kafka.coordinator.group.GroupMetadata$)
[2026-05-29 20:22:20,272] INFO Loaded member MemberMetadata(memberId=aiokafka-0.10.0-3824a1b9-64ce-4fba-876e-d4f324b3d716, groupInstanceId=None, clientId=aiokafka-0.10.0, clientHost=/192.168.117.162, sessionTimeoutMs=10000, rebalanceTimeoutMs=10000, supportedProtocols=List(roundrobin)) in group market-data-persistence with generation 157. (kafka.coordinator.group.GroupMetadata$)
[2026-05-29 20:22:20,273] INFO Loaded member MemberMetadata(memberId=aiokafka-0.10.0-fa0bfb05-a47b-49f0-83b9-2f222a8e7f41, groupInstanceId=None, clientId=aiokafka-0.10.0, clientHost=/192.168.117.162, sessionTimeoutMs=10000, rebalanceTimeoutMs=10000, supportedProtocols=List(roundrobin)) in group market-data-persistence with generation 159. (kafka.coordinator.group.GroupMetadata$)
[2026-05-29 20:22:20,273] INFO Loaded member MemberMetadata(memberId=aiokafka-0.10.0-8da90d0d-e608-4bc0-944f-3ee1bcc054d4, groupInstanceId=None, clientId=aiokafka-0.10.0, clientHost=/192.168.117.162, sessionTimeoutMs=10000, rebalanceTimeoutMs=10000, supportedProtocols=List(roundrobin)) in group market-data-persistence with generation 161. (kafka.coordinator.group.GroupMetadata$)
[2026-05-29 20:22:20,273] INFO Loaded member MemberMetadata(memberId=aiokafka-0.10.0-1d12d01c-7897-454b-b89a-dec09ea947b9, groupInstanceId=None, clientId=aiokafka-0.10.0, clientHost=/192.168.117.162, sessionTimeoutMs=10000, rebalanceTimeoutMs=10000, supportedProtocols=List(roundrobin)) in group market-data-persistence with generation 163. (kafka.coordinator.group.GroupMetadata$)
[2026-05-29 20:22:20,273] INFO Loaded member MemberMetadata(memberId=aiokafka-0.10.0-cf07051e-7ceb-4b7e-b0f3-dc4b3a7c6767, groupInstanceId=None, clientId=aiokafka-0.10.0, clientHost=/192.168.117.162, sessionTimeoutMs=10000, rebalanceTimeoutMs=10000, supportedProtocols=List(roundrobin)) in group market-data-persistence with generation 165. (kafka.coordinator.group.GroupMetadata$)
[2026-05-29 20:22:20,273] INFO Loaded member MemberMetadata(memberId=aiokafka-0.10.0-1384d139-7497-4181-ac82-77006c59be22, groupInstanceId=None, clientId=aiokafka-0.10.0, clientHost=/192.168.117.162, sessionTimeoutMs=10000, rebalanceTimeoutMs=10000, supportedProtocols=List(roundrobin)) in group market-data-persistence with generation 167. (kafka.coordinator.group.GroupMetadata$)
[2026-05-29 20:22:20,273] INFO Loaded member MemberMetadata(memberId=aiokafka-0.10.0-cdc3e586-6e1b-402d-8457-07e872fdf20a, groupInstanceId=None, clientId=aiokafka-0.10.0, clientHost=/192.168.117.162, sessionTimeoutMs=10000, rebalanceTimeoutMs=10000, supportedProtocols=List(roundrobin)) in group market-data-persistence with generation 169. (kafka.coordinator.group.GroupMetadata$)
[2026-05-29 20:22:20,273] INFO Loaded member MemberMetadata(memberId=aiokafka-0.10.0-82236c6e-0689-4b6e-9426-1cff5df0edb6, groupInstanceId=None, clientId=aiokafka-0.10.0, clientHost=/192.168.117.162, sessionTimeoutMs=10000, rebalanceTimeoutMs=10000, supportedProtocols=List(roundrobin)) in group market-data-persistence with generation 171. (kafka.coordinator.group.GroupMetadata$)
[2026-05-29 20:22:20,274] INFO Loaded member MemberMetadata(memberId=aiokafka-0.10.0-6e7feaf1-8b57-4b48-94dd-87fe8506a358, groupInstanceId=None, clientId=aiokafka-0.10.0, clientHost=/192.168.117.162, sessionTimeoutMs=10000, rebalanceTimeoutMs=10000, supportedProtocols=List(roundrobin)) in group market-data-persistence with generation 173. (kafka.coordinator.group.GroupMetadata$)
[2026-05-29 20:22:20,274] INFO Loaded member MemberMetadata(memberId=aiokafka-0.10.0-acb39f2c-858b-4536-a970-090a01dd3cde, groupInstanceId=None, clientId=aiokafka-0.10.0, clientHost=/192.168.117.162, sessionTimeoutMs=10000, rebalanceTimeoutMs=10000, supportedProtocols=List(roundrobin)) in group market-data-persistence with generation 175. (kafka.coordinator.group.GroupMetadata$)
[2026-05-29 20:22:20,274] INFO Loaded member MemberMetadata(memberId=aiokafka-0.10.0-3b5f7cd0-9c85-499b-8a24-c4f07787ef1e, groupInstanceId=None, clientId=aiokafka-0.10.0, clientHost=/192.168.117.162, sessionTimeoutMs=10000, rebalanceTimeoutMs=10000, supportedProtocols=List(roundrobin)) in group market-data-persistence with generation 177. (kafka.coordinator.group.GroupMetadata$)
[2026-05-29 20:22:20,274] INFO Loaded member MemberMetadata(memberId=aiokafka-0.10.0-45d42f0b-10a3-4f71-9ac3-83688171687f, groupInstanceId=None, clientId=aiokafka-0.10.0, clientHost=/192.168.117.162, sessionTimeoutMs=10000, rebalanceTimeoutMs=10000, supportedProtocols=List(roundrobin)) in group market-data-persistence with generation 179. (kafka.coordinator.group.GroupMetadata$)
[2026-05-29 20:22:20,274] INFO Loaded member MemberMetadata(memberId=aiokafka-0.10.0-a7fb8cf5-a9ce-4ce5-b7bd-0b96e0982b17, groupInstanceId=None, clientId=aiokafka-0.10.0, clientHost=/192.168.117.162, sessionTimeoutMs=10000, rebalanceTimeoutMs=10000, supportedProtocols=List(roundrobin)) in group market-data-persistence with generation 181. (kafka.coordinator.group.GroupMetadata$)
[2026-05-29 20:22:20,275] INFO Loaded member MemberMetadata(memberId=aiokafka-0.10.0-36d2cfdc-cd91-44fc-9854-a23062c6329e, groupInstanceId=None, clientId=aiokafka-0.10.0, clientHost=/192.168.117.162, sessionTimeoutMs=10000, rebalanceTimeoutMs=10000, supportedProtocols=List(roundrobin)) in group market-data-persistence with generation 183. (kafka.coordinator.group.GroupMetadata$)
[2026-05-29 20:22:20,275] INFO Loaded member MemberMetadata(memberId=aiokafka-0.10.0-7fad7f54-cdcf-4361-802e-b244e65193e4, groupInstanceId=None, clientId=aiokafka-0.10.0, clientHost=/192.168.117.162, sessionTimeoutMs=10000, rebalanceTimeoutMs=10000, supportedProtocols=List(roundrobin)) in group market-data-persistence with generation 185. (kafka.coordinator.group.GroupMetadata$)
[2026-05-29 20:22:20,275] INFO Loaded member MemberMetadata(memberId=aiokafka-0.10.0-f06e5d0a-0c7c-40a7-80fd-b169f0bceee1, groupInstanceId=None, clientId=aiokafka-0.10.0, clientHost=/192.168.117.162, sessionTimeoutMs=10000, rebalanceTimeoutMs=10000, supportedProtocols=List(roundrobin)) in group market-data-persistence with generation 187. (kafka.coordinator.group.GroupMetadata$)
[2026-05-29 20:22:20,275] INFO Loaded member MemberMetadata(memberId=aiokafka-0.10.0-09904965-ebb2-4d91-a256-bef1d0e347ed, groupInstanceId=None, clientId=aiokafka-0.10.0, clientHost=/192.168.117.162, sessionTimeoutMs=10000, rebalanceTimeoutMs=10000, supportedProtocols=List(roundrobin)) in group market-data-persistence with generation 189. (kafka.coordinator.group.GroupMetadata$)
[2026-05-29 20:22:20,275] INFO Loaded member MemberMetadata(memberId=aiokafka-0.10.0-1471e5fa-ec0f-496e-92e1-c7af0e788124, groupInstanceId=None, clientId=aiokafka-0.10.0, clientHost=/192.168.117.162, sessionTimeoutMs=10000, rebalanceTimeoutMs=10000, supportedProtocols=List(roundrobin)) in group market-data-persistence with generation 191. (kafka.coordinator.group.GroupMetadata$)
[2026-05-29 20:22:20,276] INFO Loaded member MemberMetadata(memberId=aiokafka-0.10.0-34055cb6-a20b-40af-bf9f-21fd62e6111c, groupInstanceId=None, clientId=aiokafka-0.10.0, clientHost=/192.168.117.162, sessionTimeoutMs=10000, rebalanceTimeoutMs=10000, supportedProtocols=List(roundrobin)) in group market-data-persistence with generation 193. (kafka.coordinator.group.GroupMetadata$)
[2026-05-29 20:22:20,276] INFO Loaded member MemberMetadata(memberId=aiokafka-0.10.0-200625b2-9ad2-4cdb-a56d-37b4aebbdc71, groupInstanceId=None, clientId=aiokafka-0.10.0, clientHost=/192.168.117.162, sessionTimeoutMs=10000, rebalanceTimeoutMs=10000, supportedProtocols=List(roundrobin)) in group market-data-persistence with generation 195. (kafka.coordinator.group.GroupMetadata$)
[2026-05-29 20:22:20,276] INFO Loaded member MemberMetadata(memberId=aiokafka-0.10.0-e041ace9-f169-4c48-9fa1-09773e9b0b67, groupInstanceId=None, clientId=aiokafka-0.10.0, clientHost=/192.168.117.162, sessionTimeoutMs=10000, rebalanceTimeoutMs=10000, supportedProtocols=List(roundrobin)) in group market-data-persistence with generation 197. (kafka.coordinator.group.GroupMetadata$)
[2026-05-29 20:22:20,276] INFO Loaded member MemberMetadata(memberId=aiokafka-0.10.0-fbce7a05-6dd6-4d59-8ebc-a20ed94dc716, groupInstanceId=None, clientId=aiokafka-0.10.0, clientHost=/192.168.117.162, sessionTimeoutMs=10000, rebalanceTimeoutMs=10000, supportedProtocols=List(roundrobin)) in group market-data-persistence with generation 199. (kafka.coordinator.group.GroupMetadata$)
[2026-05-29 20:22:20,276] INFO Loaded member MemberMetadata(memberId=aiokafka-0.10.0-c574ae7c-5506-4e4f-b63e-9d2c48caa51e, groupInstanceId=None, clientId=aiokafka-0.10.0, clientHost=/192.168.117.162, sessionTimeoutMs=10000, rebalanceTimeoutMs=10000, supportedProtocols=List(roundrobin)) in group market-data-persistence with generation 201. (kafka.coordinator.group.GroupMetadata$)
[2026-05-29 20:22:20,277] INFO Loaded member MemberMetadata(memberId=aiokafka-0.10.0-a766ea23-ade3-4a05-a9a6-2d2fbc10e3ad, groupInstanceId=None, clientId=aiokafka-0.10.0, clientHost=/192.168.117.162, sessionTimeoutMs=10000, rebalanceTimeoutMs=10000, supportedProtocols=List(roundrobin)) in group market-data-persistence with generation 203. (kafka.coordinator.group.GroupMetadata$)
[2026-05-29 20:22:20,277] INFO Loaded member MemberMetadata(memberId=aiokafka-0.10.0-f18984a1-d374-4cac-ad28-984ee72c4ea1, groupInstanceId=None, clientId=aiokafka-0.10.0, clientHost=/192.168.117.162, sessionTimeoutMs=10000, rebalanceTimeoutMs=10000, supportedProtocols=List(roundrobin)) in group market-data-persistence with generation 205. (kafka.coordinator.group.GroupMetadata$)
[2026-05-29 20:22:20,277] INFO Loaded member MemberMetadata(memberId=aiokafka-0.10.0-42e21fbf-f1e4-4889-b71a-c981597b3184, groupInstanceId=None, clientId=aiokafka-0.10.0, clientHost=/192.168.117.162, sessionTimeoutMs=10000, rebalanceTimeoutMs=10000, supportedProtocols=List(roundrobin)) in group market-data-persistence with generation 207. (kafka.coordinator.group.GroupMetadata$)
[2026-05-29 20:22:20,278] INFO Loaded member MemberMetadata(memberId=aiokafka-0.10.0-200fe62d-e0d4-4a4f-af23-52ef7ea35b89, groupInstanceId=None, clientId=aiokafka-0.10.0, clientHost=/192.168.117.162, sessionTimeoutMs=10000, rebalanceTimeoutMs=10000, supportedProtocols=List(roundrobin)) in group market-data-persistence with generation 209. (kafka.coordinator.group.GroupMetadata$)
[2026-05-29 20:22:20,278] INFO Loaded member MemberMetadata(memberId=aiokafka-0.10.0-f8a81623-8964-4d9e-82de-3fd52c5c23fb, groupInstanceId=None, clientId=aiokafka-0.10.0, clientHost=/192.168.117.162, sessionTimeoutMs=10000, rebalanceTimeoutMs=10000, supportedProtocols=List(roundrobin)) in group market-data-persistence with generation 211. (kafka.coordinator.group.GroupMetadata$)
[2026-05-29 20:22:20,278] INFO Loaded member MemberMetadata(memberId=aiokafka-0.10.0-bbe96b47-368e-4e0c-9c51-ffa7b02c2630, groupInstanceId=None, clientId=aiokafka-0.10.0, clientHost=/192.168.117.162, sessionTimeoutMs=10000, rebalanceTimeoutMs=10000, supportedProtocols=List(roundrobin)) in group market-data-persistence with generation 213. (kafka.coordinator.group.GroupMetadata$)
[2026-05-29 20:22:20,278] INFO Loaded member MemberMetadata(memberId=aiokafka-0.10.0-a8747371-ef10-4b35-b7b9-cbd1b0578749, groupInstanceId=None, clientId=aiokafka-0.10.0, clientHost=/192.168.117.162, sessionTimeoutMs=10000, rebalanceTimeoutMs=10000, supportedProtocols=List(roundrobin)) in group market-data-persistence with generation 215. (kafka.coordinator.group.GroupMetadata$)
[2026-05-29 20:22:20,279] INFO Loaded member MemberMetadata(memberId=aiokafka-0.10.0-eaaa76e7-0919-4dcd-bea0-3aea618e4bae, groupInstanceId=None, clientId=aiokafka-0.10.0, clientHost=/192.168.117.162, sessionTimeoutMs=10000, rebalanceTimeoutMs=10000, supportedProtocols=List(roundrobin)) in group market-data-persistence with generation 217. (kafka.coordinator.group.GroupMetadata$)
[2026-05-29 20:22:20,279] INFO Loaded member MemberMetadata(memberId=aiokafka-0.10.0-8ef30f91-9b5e-4dc7-89e8-a65d7a103c97, groupInstanceId=None, clientId=aiokafka-0.10.0, clientHost=/192.168.117.162, sessionTimeoutMs=10000, rebalanceTimeoutMs=10000, supportedProtocols=List(roundrobin)) in group market-data-persistence with generation 219. (kafka.coordinator.group.GroupMetadata$)
[2026-05-29 20:22:20,279] INFO Loaded member MemberMetadata(memberId=aiokafka-0.10.0-2f03a8be-49e7-4bad-afbc-d5a1c5ecb25b, groupInstanceId=None, clientId=aiokafka-0.10.0, clientHost=/192.168.117.162, sessionTimeoutMs=10000, rebalanceTimeoutMs=10000, supportedProtocols=List(roundrobin)) in group market-data-persistence with generation 221. (kafka.coordinator.group.GroupMetadata$)
[2026-05-29 20:22:20,279] INFO Loaded member MemberMetadata(memberId=aiokafka-0.10.0-f2f03663-941f-4c1a-92b7-c15248083755, groupInstanceId=None, clientId=aiokafka-0.10.0, clientHost=/192.168.117.162, sessionTimeoutMs=10000, rebalanceTimeoutMs=10000, supportedProtocols=List(roundrobin)) in group market-data-persistence with generation 223. (kafka.coordinator.group.GroupMetadata$)
[2026-05-29 20:22:20,279] INFO Loaded member MemberMetadata(memberId=aiokafka-0.10.0-7eecddbc-7b3f-4766-9ffc-9ac9c28cb8fc, groupInstanceId=None, clientId=aiokafka-0.10.0, clientHost=/192.168.117.162, sessionTimeoutMs=10000, rebalanceTimeoutMs=10000, supportedProtocols=List(roundrobin)) in group market-data-persistence with generation 225. (kafka.coordinator.group.GroupMetadata$)
[2026-05-29 20:22:20,280] INFO Loaded member MemberMetadata(memberId=aiokafka-0.10.0-1341652e-fc16-4ed7-82c7-be62972b474e, groupInstanceId=None, clientId=aiokafka-0.10.0, clientHost=/192.168.117.162, sessionTimeoutMs=10000, rebalanceTimeoutMs=10000, supportedProtocols=List(roundrobin)) in group market-data-persistence with generation 227. (kafka.coordinator.group.GroupMetadata$)
[2026-05-29 20:22:20,280] INFO Loaded member MemberMetadata(memberId=aiokafka-0.10.0-abd46476-5ab2-479d-9d07-b5a4893dc541, groupInstanceId=None, clientId=aiokafka-0.10.0, clientHost=/192.168.117.162, sessionTimeoutMs=10000, rebalanceTimeoutMs=10000, supportedProtocols=List(roundrobin)) in group market-data-persistence with generation 229. (kafka.coordinator.group.GroupMetadata$)
[2026-05-29 20:22:20,280] INFO Loaded member MemberMetadata(memberId=aiokafka-0.10.0-11eca260-1d25-4dcc-bf93-e1d53ab2ac63, groupInstanceId=None, clientId=aiokafka-0.10.0, clientHost=/192.168.117.162, sessionTimeoutMs=10000, rebalanceTimeoutMs=10000, supportedProtocols=List(roundrobin)) in group market-data-persistence with generation 231. (kafka.coordinator.group.GroupMetadata$)
[2026-05-29 20:22:20,280] INFO Loaded member MemberMetadata(memberId=aiokafka-0.10.0-ba6f3f52-946c-418a-b71d-288cba7812fa, groupInstanceId=None, clientId=aiokafka-0.10.0, clientHost=/192.168.117.162, sessionTimeoutMs=10000, rebalanceTimeoutMs=10000, supportedProtocols=List(roundrobin)) in group market-data-persistence with generation 233. (kafka.coordinator.group.GroupMetadata$)
[2026-05-29 20:22:20,280] INFO Loaded member MemberMetadata(memberId=aiokafka-0.10.0-5ed98f40-854f-427c-be45-aa5fddb3d1df, groupInstanceId=None, clientId=aiokafka-0.10.0, clientHost=/192.168.117.162, sessionTimeoutMs=10000, rebalanceTimeoutMs=10000, supportedProtocols=List(roundrobin)) in group market-data-persistence with generation 235. (kafka.coordinator.group.GroupMetadata$)
[2026-05-29 20:22:20,281] INFO Loaded member MemberMetadata(memberId=aiokafka-0.10.0-ef193056-a700-4ea8-adde-c684d8515e11, groupInstanceId=None, clientId=aiokafka-0.10.0, clientHost=/192.168.117.162, sessionTimeoutMs=10000, rebalanceTimeoutMs=10000, supportedProtocols=List(roundrobin)) in group market-data-persistence with generation 237. (kafka.coordinator.group.GroupMetadata$)
[2026-05-29 20:22:20,281] INFO Loaded member MemberMetadata(memberId=aiokafka-0.10.0-1275b480-450a-4b64-ac5b-04e0261f6ec5, groupInstanceId=None, clientId=aiokafka-0.10.0, clientHost=/192.168.117.162, sessionTimeoutMs=10000, rebalanceTimeoutMs=10000, supportedProtocols=List(roundrobin)) in group market-data-persistence with generation 239. (kafka.coordinator.group.GroupMetadata$)
[2026-05-29 20:22:20,281] INFO Loaded member MemberMetadata(memberId=aiokafka-0.10.0-9f5ef8ba-d9a3-4bfe-b87a-44b22f3fd654, groupInstanceId=None, clientId=aiokafka-0.10.0, clientHost=/192.168.117.162, sessionTimeoutMs=10000, rebalanceTimeoutMs=10000, supportedProtocols=List(roundrobin)) in group market-data-persistence with generation 241. (kafka.coordinator.group.GroupMetadata$)
[2026-05-29 20:22:20,281] INFO Loaded member MemberMetadata(memberId=aiokafka-0.10.0-0826b654-ed20-4ebc-85a7-ab98bf2bdbf0, groupInstanceId=None, clientId=aiokafka-0.10.0, clientHost=/192.168.117.162, sessionTimeoutMs=10000, rebalanceTimeoutMs=10000, supportedProtocols=List(roundrobin)) in group market-data-persistence with generation 243. (kafka.coordinator.group.GroupMetadata$)
[2026-05-29 20:22:20,282] INFO Loaded member MemberMetadata(memberId=aiokafka-0.10.0-f30eee0a-5d02-4722-b52b-0d1d8e27b2bb, groupInstanceId=None, clientId=aiokafka-0.10.0, clientHost=/192.168.117.162, sessionTimeoutMs=10000, rebalanceTimeoutMs=10000, supportedProtocols=List(roundrobin)) in group market-data-persistence with generation 245. (kafka.coordinator.group.GroupMetadata$)
[2026-05-29 20:22:20,282] INFO Loaded member MemberMetadata(memberId=aiokafka-0.10.0-09c2b63c-ed1a-4985-953f-72482c90d236, groupInstanceId=None, clientId=aiokafka-0.10.0, clientHost=/192.168.117.162, sessionTimeoutMs=10000, rebalanceTimeoutMs=10000, supportedProtocols=List(roundrobin)) in group market-data-persistence with generation 247. (kafka.coordinator.group.GroupMetadata$)
[2026-05-29 20:22:20,282] INFO Loaded member MemberMetadata(memberId=aiokafka-0.10.0-4c042105-16c7-4410-9e0d-823558cba572, groupInstanceId=None, clientId=aiokafka-0.10.0, clientHost=/192.168.117.162, sessionTimeoutMs=10000, rebalanceTimeoutMs=10000, supportedProtocols=List(roundrobin)) in group market-data-persistence with generation 249. (kafka.coordinator.group.GroupMetadata$)
[2026-05-29 20:22:20,282] INFO Loaded member MemberMetadata(memberId=aiokafka-0.10.0-44173ecb-8d97-4118-8e9e-199e968ce3ee, groupInstanceId=None, clientId=aiokafka-0.10.0, clientHost=/192.168.117.162, sessionTimeoutMs=10000, rebalanceTimeoutMs=10000, supportedProtocols=List(roundrobin)) in group market-data-persistence with generation 251. (kafka.coordinator.group.GroupMetadata$)
[2026-05-29 20:22:20,283] INFO Loaded member MemberMetadata(memberId=aiokafka-0.10.0-507b1a07-00d1-4c68-b30d-a81a8c0a8e17, groupInstanceId=None, clientId=aiokafka-0.10.0, clientHost=/192.168.117.162, sessionTimeoutMs=10000, rebalanceTimeoutMs=10000, supportedProtocols=List(roundrobin)) in group market-data-persistence with generation 253. (kafka.coordinator.group.GroupMetadata$)
[2026-05-29 20:22:20,283] INFO Loaded member MemberMetadata(memberId=aiokafka-0.10.0-0997458a-a27d-461c-8f64-e5d778bea0fe, groupInstanceId=None, clientId=aiokafka-0.10.0, clientHost=/192.168.117.162, sessionTimeoutMs=10000, rebalanceTimeoutMs=10000, supportedProtocols=List(roundrobin)) in group market-data-persistence with generation 255. (kafka.coordinator.group.GroupMetadata$)
[2026-05-29 20:22:20,283] INFO Loaded member MemberMetadata(memberId=aiokafka-0.10.0-7415949a-db36-47c5-819a-5856464a4837, groupInstanceId=None, clientId=aiokafka-0.10.0, clientHost=/192.168.117.162, sessionTimeoutMs=10000, rebalanceTimeoutMs=10000, supportedProtocols=List(roundrobin)) in group market-data-persistence with generation 257. (kafka.coordinator.group.GroupMetadata$)
[2026-05-29 20:22:20,284] INFO Loaded member MemberMetadata(memberId=aiokafka-0.10.0-3683ca26-9e0d-4482-a4fd-2772e54ec378, groupInstanceId=None, clientId=aiokafka-0.10.0, clientHost=/192.168.117.162, sessionTimeoutMs=10000, rebalanceTimeoutMs=10000, supportedProtocols=List(roundrobin)) in group market-data-persistence with generation 259. (kafka.coordinator.group.GroupMetadata$)
[2026-05-29 20:22:20,284] INFO Loaded member MemberMetadata(memberId=aiokafka-0.10.0-c917f099-3afa-4896-ba1a-8063f2c8a24e, groupInstanceId=None, clientId=aiokafka-0.10.0, clientHost=/192.168.117.162, sessionTimeoutMs=10000, rebalanceTimeoutMs=10000, supportedProtocols=List(roundrobin)) in group market-data-persistence with generation 261. (kafka.coordinator.group.GroupMetadata$)
[2026-05-29 20:22:20,284] INFO Loaded member MemberMetadata(memberId=aiokafka-0.10.0-8969651c-1609-4818-bd54-835a4ea007a8, groupInstanceId=None, clientId=aiokafka-0.10.0, clientHost=/192.168.117.162, sessionTimeoutMs=10000, rebalanceTimeoutMs=10000, supportedProtocols=List(roundrobin)) in group market-data-persistence with generation 263. (kafka.coordinator.group.GroupMetadata$)
[2026-05-29 20:22:20,284] INFO Loaded member MemberMetadata(memberId=aiokafka-0.10.0-2f538e16-98f1-475e-a756-1f0898bb65f8, groupInstanceId=None, clientId=aiokafka-0.10.0, clientHost=/192.168.117.162, sessionTimeoutMs=10000, rebalanceTimeoutMs=10000, supportedProtocols=List(roundrobin)) in group market-data-persistence with generation 265. (kafka.coordinator.group.GroupMetadata$)
[2026-05-29 20:22:20,284] INFO Loaded member MemberMetadata(memberId=aiokafka-0.10.0-38e358bf-8cfe-4540-b42d-80ca4efad02f, groupInstanceId=None, clientId=aiokafka-0.10.0, clientHost=/192.168.117.162, sessionTimeoutMs=10000, rebalanceTimeoutMs=10000, supportedProtocols=List(roundrobin)) in group market-data-persistence with generation 267. (kafka.coordinator.group.GroupMetadata$)
[2026-05-29 20:22:20,285] INFO Loaded member MemberMetadata(memberId=aiokafka-0.10.0-6c838045-61b0-4e06-aec4-9dc82fc0f12f, groupInstanceId=None, clientId=aiokafka-0.10.0, clientHost=/192.168.117.162, sessionTimeoutMs=10000, rebalanceTimeoutMs=10000, supportedProtocols=List(roundrobin)) in group market-data-persistence with generation 269. (kafka.coordinator.group.GroupMetadata$)
[2026-05-29 20:22:20,285] INFO Loaded member MemberMetadata(memberId=aiokafka-0.10.0-3d95cfcc-c30d-484b-be38-fd31e93f6599, groupInstanceId=None, clientId=aiokafka-0.10.0, clientHost=/192.168.117.162, sessionTimeoutMs=10000, rebalanceTimeoutMs=10000, supportedProtocols=List(roundrobin)) in group market-data-persistence with generation 271. (kafka.coordinator.group.GroupMetadata$)
[2026-05-29 20:22:20,285] INFO Loaded member MemberMetadata(memberId=aiokafka-0.10.0-5d93beb8-8310-46dd-a820-f4e5717942b1, groupInstanceId=None, clientId=aiokafka-0.10.0, clientHost=/192.168.117.162, sessionTimeoutMs=10000, rebalanceTimeoutMs=10000, supportedProtocols=List(roundrobin)) in group market-data-persistence with generation 273. (kafka.coordinator.group.GroupMetadata$)
[2026-05-29 20:22:20,286] INFO Loaded member MemberMetadata(memberId=aiokafka-0.10.0-64703e22-16de-4ca5-bad8-84da4f466e47, groupInstanceId=None, clientId=aiokafka-0.10.0, clientHost=/192.168.117.162, sessionTimeoutMs=10000, rebalanceTimeoutMs=10000, supportedProtocols=List(roundrobin)) in group market-data-persistence with generation 275. (kafka.coordinator.group.GroupMetadata$)
[2026-05-29 20:22:20,286] INFO Loaded member MemberMetadata(memberId=aiokafka-0.10.0-676cb9c6-b25f-40d6-8439-48f799be8c20, groupInstanceId=None, clientId=aiokafka-0.10.0, clientHost=/192.168.117.162, sessionTimeoutMs=10000, rebalanceTimeoutMs=10000, supportedProtocols=List(roundrobin)) in group market-data-persistence with generation 277. (kafka.coordinator.group.GroupMetadata$)
[2026-05-29 20:22:20,286] INFO Loaded member MemberMetadata(memberId=aiokafka-0.10.0-bc995ccd-3deb-4a15-8cc2-f5645065b304, groupInstanceId=None, clientId=aiokafka-0.10.0, clientHost=/192.168.117.162, sessionTimeoutMs=10000, rebalanceTimeoutMs=10000, supportedProtocols=List(roundrobin)) in group market-data-persistence with generation 279. (kafka.coordinator.group.GroupMetadata$)
[2026-05-29 20:22:20,286] INFO Loaded member MemberMetadata(memberId=aiokafka-0.10.0-abb74289-779c-4a3e-b163-9d4681159c2e, groupInstanceId=None, clientId=aiokafka-0.10.0, clientHost=/192.168.117.162, sessionTimeoutMs=10000, rebalanceTimeoutMs=10000, supportedProtocols=List(roundrobin)) in group market-data-persistence with generation 281. (kafka.coordinator.group.GroupMetadata$)
[2026-05-29 20:22:20,287] INFO Loaded member MemberMetadata(memberId=aiokafka-0.10.0-090b56fb-12ab-4825-bafe-d2069f0f12be, groupInstanceId=None, clientId=aiokafka-0.10.0, clientHost=/192.168.117.162, sessionTimeoutMs=10000, rebalanceTimeoutMs=10000, supportedProtocols=List(roundrobin)) in group market-data-persistence with generation 283. (kafka.coordinator.group.GroupMetadata$)
[2026-05-29 20:22:20,287] INFO Loaded member MemberMetadata(memberId=aiokafka-0.10.0-a05a376a-2b8d-4ec9-9719-6c3453f5d228, groupInstanceId=None, clientId=aiokafka-0.10.0, clientHost=/192.168.117.162, sessionTimeoutMs=10000, rebalanceTimeoutMs=10000, supportedProtocols=List(roundrobin)) in group market-data-persistence with generation 285. (kafka.coordinator.group.GroupMetadata$)
[2026-05-29 20:22:20,287] INFO Loaded member MemberMetadata(memberId=aiokafka-0.10.0-61219158-fdde-4c80-9f78-054a10766a8f, groupInstanceId=None, clientId=aiokafka-0.10.0, clientHost=/192.168.117.162, sessionTimeoutMs=10000, rebalanceTimeoutMs=10000, supportedProtocols=List(roundrobin)) in group market-data-persistence with generation 287. (kafka.coordinator.group.GroupMetadata$)
[2026-05-29 20:22:20,287] INFO Loaded member MemberMetadata(memberId=aiokafka-0.10.0-dc0257ab-dfb2-40e5-a364-da6dffd946a7, groupInstanceId=None, clientId=aiokafka-0.10.0, clientHost=/192.168.117.162, sessionTimeoutMs=10000, rebalanceTimeoutMs=10000, supportedProtocols=List(roundrobin)) in group market-data-persistence with generation 289. (kafka.coordinator.group.GroupMetadata$)
[2026-05-29 20:22:20,287] INFO Loaded member MemberMetadata(memberId=aiokafka-0.10.0-4302cc82-71ae-49c8-b35d-8312858abb23, groupInstanceId=None, clientId=aiokafka-0.10.0, clientHost=/192.168.117.162, sessionTimeoutMs=10000, rebalanceTimeoutMs=10000, supportedProtocols=List(roundrobin)) in group market-data-persistence with generation 291. (kafka.coordinator.group.GroupMetadata$)
[2026-05-29 20:22:20,288] INFO Loaded member MemberMetadata(memberId=aiokafka-0.10.0-af81bd76-9f63-455c-a772-e4437d136d09, groupInstanceId=None, clientId=aiokafka-0.10.0, clientHost=/192.168.117.162, sessionTimeoutMs=10000, rebalanceTimeoutMs=10000, supportedProtocols=List(roundrobin)) in group market-data-persistence with generation 293. (kafka.coordinator.group.GroupMetadata$)
[2026-05-29 20:22:20,288] INFO Loaded member MemberMetadata(memberId=aiokafka-0.10.0-2d0fe8e1-c0f9-4156-9b32-77b5b1eb4110, groupInstanceId=None, clientId=aiokafka-0.10.0, clientHost=/192.168.117.162, sessionTimeoutMs=10000, rebalanceTimeoutMs=10000, supportedProtocols=List(roundrobin)) in group market-data-persistence with generation 295. (kafka.coordinator.group.GroupMetadata$)
[2026-05-29 20:22:20,288] INFO Loaded member MemberMetadata(memberId=aiokafka-0.10.0-fd93dc37-f397-4b89-bc80-dfba70a5c99a, groupInstanceId=None, clientId=aiokafka-0.10.0, clientHost=/192.168.117.162, sessionTimeoutMs=10000, rebalanceTimeoutMs=10000, supportedProtocols=List(roundrobin)) in group market-data-persistence with generation 297. (kafka.coordinator.group.GroupMetadata$)
[2026-05-29 20:22:20,288] INFO Loaded member MemberMetadata(memberId=aiokafka-0.10.0-70f6b73e-afd5-41d4-998a-a846a4cfbf95, groupInstanceId=None, clientId=aiokafka-0.10.0, clientHost=/192.168.117.162, sessionTimeoutMs=10000, rebalanceTimeoutMs=10000, supportedProtocols=List(roundrobin)) in group market-data-persistence with generation 299. (kafka.coordinator.group.GroupMetadata$)
[2026-05-29 20:22:20,288] INFO Loaded member MemberMetadata(memberId=aiokafka-0.10.0-ef29a353-71e6-4b62-bef7-53cec0fc281a, groupInstanceId=None, clientId=aiokafka-0.10.0, clientHost=/192.168.117.162, sessionTimeoutMs=10000, rebalanceTimeoutMs=10000, supportedProtocols=List(roundrobin)) in group market-data-persistence with generation 301. (kafka.coordinator.group.GroupMetadata$)
[2026-05-29 20:22:20,288] INFO Loaded member MemberMetadata(memberId=aiokafka-0.10.0-072b3ba5-9f3c-4292-a5ea-59ddf4fe0cc0, groupInstanceId=None, clientId=aiokafka-0.10.0, clientHost=/192.168.117.162, sessionTimeoutMs=10000, rebalanceTimeoutMs=10000, supportedProtocols=List(roundrobin)) in group market-data-persistence with generation 303. (kafka.coordinator.group.GroupMetadata$)
[2026-05-29 20:22:20,289] INFO Loaded member MemberMetadata(memberId=aiokafka-0.10.0-18c057cd-9b27-48e7-b36f-dc8faa114619, groupInstanceId=None, clientId=aiokafka-0.10.0, clientHost=/192.168.117.162, sessionTimeoutMs=10000, rebalanceTimeoutMs=10000, supportedProtocols=List(roundrobin)) in group market-data-persistence with generation 305. (kafka.coordinator.group.GroupMetadata$)
[2026-05-29 20:22:20,289] INFO Loaded member MemberMetadata(memberId=aiokafka-0.10.0-b2a2a5a4-ccbe-4b7d-af84-9b55d456533d, groupInstanceId=None, clientId=aiokafka-0.10.0, clientHost=/192.168.117.162, sessionTimeoutMs=10000, rebalanceTimeoutMs=10000, supportedProtocols=List(roundrobin)) in group market-data-persistence with generation 307. (kafka.coordinator.group.GroupMetadata$)
[2026-05-29 20:22:20,289] INFO Loaded member MemberMetadata(memberId=aiokafka-0.10.0-683e0874-20d2-4489-ab23-ecd1358398dc, groupInstanceId=None, clientId=aiokafka-0.10.0, clientHost=/192.168.117.162, sessionTimeoutMs=10000, rebalanceTimeoutMs=10000, supportedProtocols=List(roundrobin)) in group market-data-persistence with generation 309. (kafka.coordinator.group.GroupMetadata$)
[2026-05-29 20:22:20,289] INFO Loaded member MemberMetadata(memberId=aiokafka-0.10.0-c564d7b3-332d-4af2-8460-6725276ef106, groupInstanceId=None, clientId=aiokafka-0.10.0, clientHost=/192.168.117.162, sessionTimeoutMs=10000, rebalanceTimeoutMs=10000, supportedProtocols=List(roundrobin)) in group market-data-persistence with generation 311. (kafka.coordinator.group.GroupMetadata$)
[2026-05-29 20:22:20,289] INFO Loaded member MemberMetadata(memberId=aiokafka-0.10.0-53438073-43a9-40e5-b5cb-08a9333ebbe0, groupInstanceId=None, clientId=aiokafka-0.10.0, clientHost=/192.168.117.162, sessionTimeoutMs=10000, rebalanceTimeoutMs=10000, supportedProtocols=List(roundrobin)) in group market-data-persistence with generation 313. (kafka.coordinator.group.GroupMetadata$)
[2026-05-29 20:22:20,290] INFO Loaded member MemberMetadata(memberId=aiokafka-0.10.0-730dade6-befc-4c68-bb9b-6d9f11867c76, groupInstanceId=None, clientId=aiokafka-0.10.0, clientHost=/192.168.117.162, sessionTimeoutMs=10000, rebalanceTimeoutMs=10000, supportedProtocols=List(roundrobin)) in group market-data-persistence with generation 315. (kafka.coordinator.group.GroupMetadata$)
[2026-05-29 20:22:20,290] INFO Loaded member MemberMetadata(memberId=aiokafka-0.10.0-36760070-aaa3-4822-bfcf-a1dd7bccdaaa, groupInstanceId=None, clientId=aiokafka-0.10.0, clientHost=/192.168.117.162, sessionTimeoutMs=10000, rebalanceTimeoutMs=10000, supportedProtocols=List(roundrobin)) in group market-data-persistence with generation 317. (kafka.coordinator.group.GroupMetadata$)
[2026-05-29 20:22:20,290] INFO Loaded member MemberMetadata(memberId=aiokafka-0.10.0-a3af4b21-b05f-452a-b0fa-b9d71ecf04c0, groupInstanceId=None, clientId=aiokafka-0.10.0, clientHost=/192.168.117.162, sessionTimeoutMs=10000, rebalanceTimeoutMs=10000, supportedProtocols=List(roundrobin)) in group market-data-persistence with generation 319. (kafka.coordinator.group.GroupMetadata$)
[2026-05-29 20:22:20,290] INFO Loaded member MemberMetadata(memberId=aiokafka-0.10.0-7862d016-549f-4c00-b9b1-d7a63d9fbd17, groupInstanceId=None, clientId=aiokafka-0.10.0, clientHost=/192.168.117.162, sessionTimeoutMs=10000, rebalanceTimeoutMs=10000, supportedProtocols=List(roundrobin)) in group market-data-persistence with generation 321. (kafka.coordinator.group.GroupMetadata$)
[2026-05-29 20:22:20,291] INFO Loaded member MemberMetadata(memberId=aiokafka-0.10.0-29e03e72-d68b-4775-84df-5f3c37e7349f, groupInstanceId=None, clientId=aiokafka-0.10.0, clientHost=/192.168.117.162, sessionTimeoutMs=10000, rebalanceTimeoutMs=10000, supportedProtocols=List(roundrobin)) in group market-data-persistence with generation 323. (kafka.coordinator.group.GroupMetadata$)
[2026-05-29 20:22:20,291] INFO Loaded member MemberMetadata(memberId=aiokafka-0.10.0-9aef1988-d97b-467e-8e76-7a283fd22125, groupInstanceId=None, clientId=aiokafka-0.10.0, clientHost=/192.168.117.162, sessionTimeoutMs=10000, rebalanceTimeoutMs=10000, supportedProtocols=List(roundrobin)) in group market-data-persistence with generation 325. (kafka.coordinator.group.GroupMetadata$)
[2026-05-29 20:22:20,291] INFO Loaded member MemberMetadata(memberId=aiokafka-0.10.0-4aed8b32-977f-4d4c-b5b5-4e77b156f04c, groupInstanceId=None, clientId=aiokafka-0.10.0, clientHost=/192.168.117.162, sessionTimeoutMs=10000, rebalanceTimeoutMs=10000, supportedProtocols=List(roundrobin)) in group market-data-persistence with generation 327. (kafka.coordinator.group.GroupMetadata$)
[2026-05-29 20:22:20,291] INFO Loaded member MemberMetadata(memberId=aiokafka-0.10.0-083a1164-6043-45a1-b169-df076138e5ec, groupInstanceId=None, clientId=aiokafka-0.10.0, clientHost=/192.168.117.162, sessionTimeoutMs=10000, rebalanceTimeoutMs=10000, supportedProtocols=List(roundrobin)) in group market-data-persistence with generation 329. (kafka.coordinator.group.GroupMetadata$)
[2026-05-29 20:22:20,291] INFO Loaded member MemberMetadata(memberId=aiokafka-0.10.0-32d741a5-52ae-4db9-a542-14109ea76350, groupInstanceId=None, clientId=aiokafka-0.10.0, clientHost=/192.168.117.162, sessionTimeoutMs=10000, rebalanceTimeoutMs=10000, supportedProtocols=List(roundrobin)) in group market-data-persistence with generation 331. (kafka.coordinator.group.GroupMetadata$)
[2026-05-29 20:22:20,292] INFO Loaded member MemberMetadata(memberId=aiokafka-0.10.0-4a350f60-f8b5-4abb-becd-84be5a498895, groupInstanceId=None, clientId=aiokafka-0.10.0, clientHost=/192.168.117.162, sessionTimeoutMs=10000, rebalanceTimeoutMs=10000, supportedProtocols=List(roundrobin)) in group market-data-persistence with generation 333. (kafka.coordinator.group.GroupMetadata$)
[2026-05-29 20:22:20,292] INFO Loaded member MemberMetadata(memberId=aiokafka-0.10.0-b7b19fbd-dcd4-4885-b13f-5c07e86bf183, groupInstanceId=None, clientId=aiokafka-0.10.0, clientHost=/192.168.117.162, sessionTimeoutMs=10000, rebalanceTimeoutMs=10000, supportedProtocols=List(roundrobin)) in group market-data-persistence with generation 335. (kafka.coordinator.group.GroupMetadata$)
[2026-05-29 20:22:20,292] INFO Loaded member MemberMetadata(memberId=aiokafka-0.10.0-4c35baaf-054d-4f0d-b7c5-95d24ce7c313, groupInstanceId=None, clientId=aiokafka-0.10.0, clientHost=/192.168.117.162, sessionTimeoutMs=10000, rebalanceTimeoutMs=10000, supportedProtocols=List(roundrobin)) in group market-data-persistence with generation 337. (kafka.coordinator.group.GroupMetadata$)
[2026-05-29 20:22:20,292] INFO Loaded member MemberMetadata(memberId=aiokafka-0.10.0-796b1b60-398c-40d3-a8b9-bfff19c375f5, groupInstanceId=None, clientId=aiokafka-0.10.0, clientHost=/192.168.117.162, sessionTimeoutMs=10000, rebalanceTimeoutMs=10000, supportedProtocols=List(roundrobin)) in group market-data-persistence with generation 339. (kafka.coordinator.group.GroupMetadata$)
[2026-05-29 20:22:20,293] INFO Loaded member MemberMetadata(memberId=aiokafka-0.10.0-1221e270-97e8-4770-87f7-8d4cf56cf6c1, groupInstanceId=None, clientId=aiokafka-0.10.0, clientHost=/192.168.117.162, sessionTimeoutMs=10000, rebalanceTimeoutMs=10000, supportedProtocols=List(roundrobin)) in group market-data-persistence with generation 341. (kafka.coordinator.group.GroupMetadata$)
[2026-05-29 20:22:20,293] INFO Loaded member MemberMetadata(memberId=aiokafka-0.10.0-73687b57-22e7-4c87-9631-fc67197ad47d, groupInstanceId=None, clientId=aiokafka-0.10.0, clientHost=/192.168.117.162, sessionTimeoutMs=10000, rebalanceTimeoutMs=10000, supportedProtocols=List(roundrobin)) in group market-data-persistence with generation 343. (kafka.coordinator.group.GroupMetadata$)
[2026-05-29 20:22:20,293] INFO Loaded member MemberMetadata(memberId=aiokafka-0.10.0-476c1802-862e-44e9-9e70-6d900fbd7a94, groupInstanceId=None, clientId=aiokafka-0.10.0, clientHost=/192.168.117.162, sessionTimeoutMs=10000, rebalanceTimeoutMs=10000, supportedProtocols=List(roundrobin)) in group market-data-persistence with generation 345. (kafka.coordinator.group.GroupMetadata$)
[2026-05-29 20:22:20,293] INFO Loaded member MemberMetadata(memberId=aiokafka-0.10.0-72d8a30a-f10c-4206-be05-7c20fc8fdcc9, groupInstanceId=None, clientId=aiokafka-0.10.0, clientHost=/192.168.117.162, sessionTimeoutMs=10000, rebalanceTimeoutMs=10000, supportedProtocols=List(roundrobin)) in group market-data-persistence with generation 347. (kafka.coordinator.group.GroupMetadata$)
[2026-05-29 20:22:20,293] INFO Loaded member MemberMetadata(memberId=aiokafka-0.10.0-a600c78f-5021-47dc-a172-a53e15043ca1, groupInstanceId=None, clientId=aiokafka-0.10.0, clientHost=/192.168.117.162, sessionTimeoutMs=10000, rebalanceTimeoutMs=10000, supportedProtocols=List(roundrobin)) in group market-data-persistence with generation 349. (kafka.coordinator.group.GroupMetadata$)
[2026-05-29 20:22:20,294] INFO Loaded member MemberMetadata(memberId=aiokafka-0.10.0-8b93b6ec-5376-4f67-9470-bcb92911bcf8, groupInstanceId=None, clientId=aiokafka-0.10.0, clientHost=/192.168.117.162, sessionTimeoutMs=10000, rebalanceTimeoutMs=10000, supportedProtocols=List(roundrobin)) in group market-data-persistence with generation 351. (kafka.coordinator.group.GroupMetadata$)
[2026-05-29 20:22:20,294] INFO Loaded member MemberMetadata(memberId=aiokafka-0.10.0-0c937b9d-3374-4a7f-b082-188616dd3d53, groupInstanceId=None, clientId=aiokafka-0.10.0, clientHost=/192.168.117.162, sessionTimeoutMs=10000, rebalanceTimeoutMs=10000, supportedProtocols=List(roundrobin)) in group market-data-persistence with generation 353. (kafka.coordinator.group.GroupMetadata$)
[2026-05-29 20:22:20,294] INFO Loaded member MemberMetadata(memberId=aiokafka-0.10.0-0549ac25-4d82-423c-b779-5ccb280d966d, groupInstanceId=None, clientId=aiokafka-0.10.0, clientHost=/192.168.117.162, sessionTimeoutMs=10000, rebalanceTimeoutMs=10000, supportedProtocols=List(roundrobin)) in group market-data-persistence with generation 355. (kafka.coordinator.group.GroupMetadata$)
[2026-05-29 20:22:20,294] INFO Loaded member MemberMetadata(memberId=aiokafka-0.10.0-1313e288-6563-4f61-ad10-7a214fe76c7e, groupInstanceId=None, clientId=aiokafka-0.10.0, clientHost=/192.168.117.162, sessionTimeoutMs=10000, rebalanceTimeoutMs=10000, supportedProtocols=List(roundrobin)) in group market-data-persistence with generation 357. (kafka.coordinator.group.GroupMetadata$)
[2026-05-29 20:22:20,294] INFO Loaded member MemberMetadata(memberId=aiokafka-0.10.0-5cf25ab1-8997-4aa4-ad62-142a424a2525, groupInstanceId=None, clientId=aiokafka-0.10.0, clientHost=/192.168.117.162, sessionTimeoutMs=10000, rebalanceTimeoutMs=10000, supportedProtocols=List(roundrobin)) in group market-data-persistence with generation 359. (kafka.coordinator.group.GroupMetadata$)
[2026-05-29 20:22:20,295] INFO Loaded member MemberMetadata(memberId=aiokafka-0.10.0-9d2aa0a1-03c1-4eca-84ae-159eb48817d7, groupInstanceId=None, clientId=aiokafka-0.10.0, clientHost=/192.168.117.162, sessionTimeoutMs=10000, rebalanceTimeoutMs=10000, supportedProtocols=List(roundrobin)) in group market-data-persistence with generation 361. (kafka.coordinator.group.GroupMetadata$)
[2026-05-29 20:22:20,295] INFO Loaded member MemberMetadata(memberId=aiokafka-0.10.0-a5a32ff8-974d-47f5-beed-bcfcdafb9331, groupInstanceId=None, clientId=aiokafka-0.10.0, clientHost=/192.168.117.162, sessionTimeoutMs=10000, rebalanceTimeoutMs=10000, supportedProtocols=List(roundrobin)) in group market-data-persistence with generation 363. (kafka.coordinator.group.GroupMetadata$)
[2026-05-29 20:22:20,295] INFO Loaded member MemberMetadata(memberId=aiokafka-0.10.0-b76ebe5f-aa02-4096-9de3-cef957291cb8, groupInstanceId=None, clientId=aiokafka-0.10.0, clientHost=/192.168.117.162, sessionTimeoutMs=10000, rebalanceTimeoutMs=10000, supportedProtocols=List(roundrobin)) in group market-data-persistence with generation 365. (kafka.coordinator.group.GroupMetadata$)
[2026-05-29 20:22:20,295] INFO Loaded member MemberMetadata(memberId=aiokafka-0.10.0-22791571-cab2-4cf5-93b7-05cc47348ddd, groupInstanceId=None, clientId=aiokafka-0.10.0, clientHost=/192.168.117.162, sessionTimeoutMs=10000, rebalanceTimeoutMs=10000, supportedProtocols=List(roundrobin)) in group market-data-persistence with generation 367. (kafka.coordinator.group.GroupMetadata$)
[2026-05-29 20:22:20,295] INFO Loaded member MemberMetadata(memberId=aiokafka-0.10.0-ecce13bf-b2b2-4f2d-a9ec-719dc27cf06b, groupInstanceId=None, clientId=aiokafka-0.10.0, clientHost=/192.168.117.162, sessionTimeoutMs=10000, rebalanceTimeoutMs=10000, supportedProtocols=List(roundrobin)) in group market-data-persistence with generation 369. (kafka.coordinator.group.GroupMetadata$)
[2026-05-29 20:22:20,296] INFO Loaded member MemberMetadata(memberId=aiokafka-0.10.0-5b0476bc-8842-45c7-8368-1d395c48bf3b, groupInstanceId=None, clientId=aiokafka-0.10.0, clientHost=/192.168.117.162, sessionTimeoutMs=10000, rebalanceTimeoutMs=10000, supportedProtocols=List(roundrobin)) in group market-data-persistence with generation 371. (kafka.coordinator.group.GroupMetadata$)
[2026-05-29 20:22:20,296] INFO Loaded member MemberMetadata(memberId=aiokafka-0.10.0-1b7a9a26-eb5f-46cf-b0d2-42ce7a378d4d, groupInstanceId=None, clientId=aiokafka-0.10.0, clientHost=/192.168.117.162, sessionTimeoutMs=10000, rebalanceTimeoutMs=10000, supportedProtocols=List(roundrobin)) in group market-data-persistence with generation 373. (kafka.coordinator.group.GroupMetadata$)
[2026-05-29 20:22:20,296] INFO Loaded member MemberMetadata(memberId=aiokafka-0.10.0-7c6ec5e8-65ac-4fee-b42b-8ec13e811f12, groupInstanceId=None, clientId=aiokafka-0.10.0, clientHost=/192.168.117.162, sessionTimeoutMs=10000, rebalanceTimeoutMs=10000, supportedProtocols=List(roundrobin)) in group market-data-persistence with generation 375. (kafka.coordinator.group.GroupMetadata$)
[2026-05-29 20:22:20,296] INFO Loaded member MemberMetadata(memberId=aiokafka-0.10.0-36ef436a-6cb6-49ed-946b-cfa327cff8b5, groupInstanceId=None, clientId=aiokafka-0.10.0, clientHost=/192.168.117.162, sessionTimeoutMs=10000, rebalanceTimeoutMs=10000, supportedProtocols=List(roundrobin)) in group market-data-persistence with generation 377. (kafka.coordinator.group.GroupMetadata$)
[2026-05-29 20:22:20,297] INFO Loaded member MemberMetadata(memberId=aiokafka-0.10.0-ebfc79a6-6c10-436f-ac0d-81dc0286f0b7, groupInstanceId=None, clientId=aiokafka-0.10.0, clientHost=/192.168.117.162, sessionTimeoutMs=10000, rebalanceTimeoutMs=10000, supportedProtocols=List(roundrobin)) in group market-data-persistence with generation 379. (kafka.coordinator.group.GroupMetadata$)
[2026-05-29 20:22:20,297] INFO Loaded member MemberMetadata(memberId=aiokafka-0.10.0-75fbdfc5-8fae-44a3-b670-0f061ee407dd, groupInstanceId=None, clientId=aiokafka-0.10.0, clientHost=/192.168.117.162, sessionTimeoutMs=10000, rebalanceTimeoutMs=10000, supportedProtocols=List(roundrobin)) in group market-data-persistence with generation 381. (kafka.coordinator.group.GroupMetadata$)
[2026-05-29 20:22:20,297] INFO Loaded member MemberMetadata(memberId=aiokafka-0.10.0-a0dfab3e-9915-4c16-bbfb-0d237e9cfcee, groupInstanceId=None, clientId=aiokafka-0.10.0, clientHost=/192.168.117.162, sessionTimeoutMs=10000, rebalanceTimeoutMs=10000, supportedProtocols=List(roundrobin)) in group market-data-persistence with generation 383. (kafka.coordinator.group.GroupMetadata$)
[2026-05-29 20:22:20,297] INFO Loaded member MemberMetadata(memberId=aiokafka-0.10.0-a514feef-f0d3-4a57-8662-ae3f09f0e7c5, groupInstanceId=None, clientId=aiokafka-0.10.0, clientHost=/192.168.117.162, sessionTimeoutMs=10000, rebalanceTimeoutMs=10000, supportedProtocols=List(roundrobin)) in group market-data-persistence with generation 385. (kafka.coordinator.group.GroupMetadata$)
[2026-05-29 20:22:20,297] INFO Loaded member MemberMetadata(memberId=aiokafka-0.10.0-7472ecfd-d3a3-4d74-950c-c1e2c963d68c, groupInstanceId=None, clientId=aiokafka-0.10.0, clientHost=/192.168.117.162, sessionTimeoutMs=10000, rebalanceTimeoutMs=10000, supportedProtocols=List(roundrobin)) in group market-data-persistence with generation 387. (kafka.coordinator.group.GroupMetadata$)
[2026-05-29 20:22:20,298] INFO Loaded member MemberMetadata(memberId=aiokafka-0.10.0-19158691-346d-4883-b91a-936ac111f062, groupInstanceId=None, clientId=aiokafka-0.10.0, clientHost=/192.168.117.162, sessionTimeoutMs=10000, rebalanceTimeoutMs=10000, supportedProtocols=List(roundrobin)) in group market-data-persistence with generation 389. (kafka.coordinator.group.GroupMetadata$)
[2026-05-29 20:22:20,298] INFO Loaded member MemberMetadata(memberId=aiokafka-0.10.0-869014df-1d19-4fc6-8bfa-ddd0700c5c4d, groupInstanceId=None, clientId=aiokafka-0.10.0, clientHost=/192.168.117.162, sessionTimeoutMs=10000, rebalanceTimeoutMs=10000, supportedProtocols=List(roundrobin)) in group market-data-persistence with generation 391. (kafka.coordinator.group.GroupMetadata$)
[2026-05-29 20:22:20,298] INFO Loaded member MemberMetadata(memberId=aiokafka-0.10.0-c57c0bdf-1479-49cb-b53d-ffad316f02af, groupInstanceId=None, clientId=aiokafka-0.10.0, clientHost=/192.168.117.162, sessionTimeoutMs=10000, rebalanceTimeoutMs=10000, supportedProtocols=List(roundrobin)) in group market-data-persistence with generation 393. (kafka.coordinator.group.GroupMetadata$)
[2026-05-29 20:22:20,298] INFO Loaded member MemberMetadata(memberId=aiokafka-0.10.0-4828c227-727b-460e-b843-96a960778270, groupInstanceId=None, clientId=aiokafka-0.10.0, clientHost=/192.168.117.162, sessionTimeoutMs=10000, rebalanceTimeoutMs=10000, supportedProtocols=List(roundrobin)) in group market-data-persistence with generation 395. (kafka.coordinator.group.GroupMetadata$)
[2026-05-29 20:22:20,298] INFO Loaded member MemberMetadata(memberId=aiokafka-0.10.0-03cfe1e3-bb2b-4bd8-bb13-146b69e496ea, groupInstanceId=None, clientId=aiokafka-0.10.0, clientHost=/192.168.117.162, sessionTimeoutMs=10000, rebalanceTimeoutMs=10000, supportedProtocols=List(roundrobin)) in group market-data-persistence with generation 397. (kafka.coordinator.group.GroupMetadata$)
[2026-05-29 20:22:20,299] INFO Loaded member MemberMetadata(memberId=aiokafka-0.10.0-866cd872-2c28-46bc-9d0c-99a9a7b3e70e, groupInstanceId=None, clientId=aiokafka-0.10.0, clientHost=/192.168.117.162, sessionTimeoutMs=10000, rebalanceTimeoutMs=10000, supportedProtocols=List(roundrobin)) in group market-data-persistence with generation 399. (kafka.coordinator.group.GroupMetadata$)
[2026-05-29 20:22:20,299] INFO Loaded member MemberMetadata(memberId=aiokafka-0.10.0-e85b997d-3f0b-472d-a255-660b8d068034, groupInstanceId=None, clientId=aiokafka-0.10.0, clientHost=/192.168.117.162, sessionTimeoutMs=10000, rebalanceTimeoutMs=10000, supportedProtocols=List(roundrobin)) in group market-data-persistence with generation 401. (kafka.coordinator.group.GroupMetadata$)
[2026-05-29 20:22:20,299] INFO Loaded member MemberMetadata(memberId=aiokafka-0.10.0-4483ca06-3e86-4c86-9cb1-0ab81e3f0911, groupInstanceId=None, clientId=aiokafka-0.10.0, clientHost=/192.168.117.162, sessionTimeoutMs=10000, rebalanceTimeoutMs=10000, supportedProtocols=List(roundrobin)) in group market-data-persistence with generation 403. (kafka.coordinator.group.GroupMetadata$)
[2026-05-29 20:22:20,299] INFO Loaded member MemberMetadata(memberId=aiokafka-0.10.0-ef282eee-6da1-4074-8573-67fbe56e67b0, groupInstanceId=None, clientId=aiokafka-0.10.0, clientHost=/192.168.117.162, sessionTimeoutMs=10000, rebalanceTimeoutMs=10000, supportedProtocols=List(roundrobin)) in group market-data-persistence with generation 405. (kafka.coordinator.group.GroupMetadata$)
[2026-05-29 20:22:20,300] INFO Loaded member MemberMetadata(memberId=aiokafka-0.10.0-f12ffe20-7fa5-4c86-8867-905a644be825, groupInstanceId=None, clientId=aiokafka-0.10.0, clientHost=/192.168.117.162, sessionTimeoutMs=10000, rebalanceTimeoutMs=10000, supportedProtocols=List(roundrobin)) in group market-data-persistence with generation 407. (kafka.coordinator.group.GroupMetadata$)
[2026-05-29 20:22:20,300] INFO Loaded member MemberMetadata(memberId=aiokafka-0.10.0-31a40da4-adb5-4579-8597-6fd8e31cb2b6, groupInstanceId=None, clientId=aiokafka-0.10.0, clientHost=/192.168.117.162, sessionTimeoutMs=10000, rebalanceTimeoutMs=10000, supportedProtocols=List(roundrobin)) in group market-data-persistence with generation 409. (kafka.coordinator.group.GroupMetadata$)
[2026-05-29 20:22:20,300] INFO Loaded member MemberMetadata(memberId=aiokafka-0.10.0-65cd3d52-0d87-414d-ab1e-7ffa7c14bf55, groupInstanceId=None, clientId=aiokafka-0.10.0, clientHost=/192.168.117.162, sessionTimeoutMs=10000, rebalanceTimeoutMs=10000, supportedProtocols=List(roundrobin)) in group market-data-persistence with generation 411. (kafka.coordinator.group.GroupMetadata$)
[2026-05-29 20:22:20,300] INFO Loaded member MemberMetadata(memberId=aiokafka-0.10.0-56d73e3c-de8e-4ad6-97e0-912df67f338d, groupInstanceId=None, clientId=aiokafka-0.10.0, clientHost=/192.168.117.162, sessionTimeoutMs=10000, rebalanceTimeoutMs=10000, supportedProtocols=List(roundrobin)) in group market-data-persistence with generation 413. (kafka.coordinator.group.GroupMetadata$)
[2026-05-29 20:22:20,300] INFO Loaded member MemberMetadata(memberId=aiokafka-0.10.0-ef95656b-57f2-41b9-afd3-9cb1a7f303d7, groupInstanceId=None, clientId=aiokafka-0.10.0, clientHost=/192.168.117.162, sessionTimeoutMs=10000, rebalanceTimeoutMs=10000, supportedProtocols=List(roundrobin)) in group market-data-persistence with generation 415. (kafka.coordinator.group.GroupMetadata$)
[2026-05-29 20:22:20,301] INFO Loaded member MemberMetadata(memberId=aiokafka-0.10.0-a0b9afe8-b89d-4cb6-8b84-3b4eea136d50, groupInstanceId=None, clientId=aiokafka-0.10.0, clientHost=/192.168.117.162, sessionTimeoutMs=10000, rebalanceTimeoutMs=10000, supportedProtocols=List(roundrobin)) in group market-data-persistence with generation 417. (kafka.coordinator.group.GroupMetadata$)
[2026-05-29 20:22:20,301] INFO Loaded member MemberMetadata(memberId=aiokafka-0.10.0-07b2ca60-8293-48f0-be0c-020c43734dc5, groupInstanceId=None, clientId=aiokafka-0.10.0, clientHost=/192.168.117.162, sessionTimeoutMs=10000, rebalanceTimeoutMs=10000, supportedProtocols=List(roundrobin)) in group market-data-persistence with generation 419. (kafka.coordinator.group.GroupMetadata$)
[2026-05-29 20:22:20,301] INFO Loaded member MemberMetadata(memberId=aiokafka-0.10.0-596b1726-e8a1-4ea1-b628-fe851643f66a, groupInstanceId=None, clientId=aiokafka-0.10.0, clientHost=/192.168.117.162, sessionTimeoutMs=10000, rebalanceTimeoutMs=10000, supportedProtocols=List(roundrobin)) in group market-data-persistence with generation 421. (kafka.coordinator.group.GroupMetadata$)
[2026-05-29 20:22:20,301] INFO Loaded member MemberMetadata(memberId=aiokafka-0.10.0-0dd25b74-38fc-45bf-9f3c-e5894d5aa687, groupInstanceId=None, clientId=aiokafka-0.10.0, clientHost=/192.168.117.162, sessionTimeoutMs=10000, rebalanceTimeoutMs=10000, supportedProtocols=List(roundrobin)) in group market-data-persistence with generation 423. (kafka.coordinator.group.GroupMetadata$)
[2026-05-29 20:22:20,301] INFO Loaded member MemberMetadata(memberId=aiokafka-0.10.0-b2e29045-dd22-474d-ac13-f98faa4bee07, groupInstanceId=None, clientId=aiokafka-0.10.0, clientHost=/192.168.117.162, sessionTimeoutMs=10000, rebalanceTimeoutMs=10000, supportedProtocols=List(roundrobin)) in group market-data-persistence with generation 425. (kafka.coordinator.group.GroupMetadata$)
[2026-05-29 20:22:20,301] INFO Loaded member MemberMetadata(memberId=aiokafka-0.10.0-9b2c34b1-d0f9-46f3-9c52-585aed171fb1, groupInstanceId=None, clientId=aiokafka-0.10.0, clientHost=/192.168.117.162, sessionTimeoutMs=10000, rebalanceTimeoutMs=10000, supportedProtocols=List(roundrobin)) in group market-data-persistence with generation 427. (kafka.coordinator.group.GroupMetadata$)
[2026-05-29 20:22:20,302] INFO Loaded member MemberMetadata(memberId=aiokafka-0.10.0-1e4cf458-f326-46cc-bac5-7cee8862ddcf, groupInstanceId=None, clientId=aiokafka-0.10.0, clientHost=/192.168.117.162, sessionTimeoutMs=10000, rebalanceTimeoutMs=10000, supportedProtocols=List(roundrobin)) in group market-data-persistence with generation 429. (kafka.coordinator.group.GroupMetadata$)
[2026-05-29 20:22:20,302] INFO Loaded member MemberMetadata(memberId=aiokafka-0.10.0-efa14e55-3704-4027-a414-9534b76b023b, groupInstanceId=None, clientId=aiokafka-0.10.0, clientHost=/192.168.117.162, sessionTimeoutMs=10000, rebalanceTimeoutMs=10000, supportedProtocols=List(roundrobin)) in group market-data-persistence with generation 431. (kafka.coordinator.group.GroupMetadata$)
[2026-05-29 20:22:20,302] INFO Loaded member MemberMetadata(memberId=aiokafka-0.10.0-86a6f2a5-8b7f-455d-8cbe-eccb28b4689f, groupInstanceId=None, clientId=aiokafka-0.10.0, clientHost=/192.168.117.162, sessionTimeoutMs=10000, rebalanceTimeoutMs=10000, supportedProtocols=List(roundrobin)) in group market-data-persistence with generation 433. (kafka.coordinator.group.GroupMetadata$)
[2026-05-29 20:22:20,302] INFO Loaded member MemberMetadata(memberId=aiokafka-0.10.0-5b2227fa-01cd-4f5f-8ef1-7e8c2f620293, groupInstanceId=None, clientId=aiokafka-0.10.0, clientHost=/192.168.117.162, sessionTimeoutMs=10000, rebalanceTimeoutMs=10000, supportedProtocols=List(roundrobin)) in group market-data-persistence with generation 435. (kafka.coordinator.group.GroupMetadata$)
[2026-05-29 20:22:20,303] INFO Loaded member MemberMetadata(memberId=aiokafka-0.10.0-99b42335-cf83-4d3f-807a-b5df9f7e5b97, groupInstanceId=None, clientId=aiokafka-0.10.0, clientHost=/192.168.117.162, sessionTimeoutMs=10000, rebalanceTimeoutMs=10000, supportedProtocols=List(roundrobin)) in group market-data-persistence with generation 437. (kafka.coordinator.group.GroupMetadata$)
[2026-05-29 20:22:20,303] INFO Loaded member MemberMetadata(memberId=aiokafka-0.10.0-5cc981ec-da3d-45aa-9807-3761bbc2583e, groupInstanceId=None, clientId=aiokafka-0.10.0, clientHost=/192.168.117.162, sessionTimeoutMs=10000, rebalanceTimeoutMs=10000, supportedProtocols=List(roundrobin)) in group market-data-persistence with generation 439. (kafka.coordinator.group.GroupMetadata$)
[2026-05-29 20:22:20,303] INFO Loaded member MemberMetadata(memberId=aiokafka-0.10.0-73c55180-d9a9-46ef-bdb6-3f4206edd152, groupInstanceId=None, clientId=aiokafka-0.10.0, clientHost=/192.168.117.162, sessionTimeoutMs=10000, rebalanceTimeoutMs=10000, supportedProtocols=List(roundrobin)) in group market-data-persistence with generation 441. (kafka.coordinator.group.GroupMetadata$)
[2026-05-29 20:22:20,303] INFO Loaded member MemberMetadata(memberId=aiokafka-0.10.0-ce0b1aa5-508a-4466-a8d2-97f77b220525, groupInstanceId=None, clientId=aiokafka-0.10.0, clientHost=/192.168.117.162, sessionTimeoutMs=10000, rebalanceTimeoutMs=10000, supportedProtocols=List(roundrobin)) in group market-data-persistence with generation 443. (kafka.coordinator.group.GroupMetadata$)
[2026-05-29 20:22:20,304] INFO Loaded member MemberMetadata(memberId=aiokafka-0.10.0-491b7722-bc49-4c4f-a6d6-426177625fe3, groupInstanceId=None, clientId=aiokafka-0.10.0, clientHost=/192.168.117.162, sessionTimeoutMs=10000, rebalanceTimeoutMs=10000, supportedProtocols=List(roundrobin)) in group market-data-persistence with generation 445. (kafka.coordinator.group.GroupMetadata$)
[2026-05-29 20:22:20,304] INFO Loaded member MemberMetadata(memberId=aiokafka-0.10.0-9165e60d-60e0-416b-a494-6ee0e485f289, groupInstanceId=None, clientId=aiokafka-0.10.0, clientHost=/192.168.117.162, sessionTimeoutMs=10000, rebalanceTimeoutMs=10000, supportedProtocols=List(roundrobin)) in group market-data-persistence with generation 447. (kafka.coordinator.group.GroupMetadata$)
[2026-05-29 20:22:20,304] INFO Loaded member MemberMetadata(memberId=aiokafka-0.10.0-a11b73ce-bdbb-42c7-b4e0-57f89f334c0b, groupInstanceId=None, clientId=aiokafka-0.10.0, clientHost=/192.168.117.162, sessionTimeoutMs=10000, rebalanceTimeoutMs=10000, supportedProtocols=List(roundrobin)) in group market-data-persistence with generation 449. (kafka.coordinator.group.GroupMetadata$)
[2026-05-29 20:22:20,305] INFO Loaded member MemberMetadata(memberId=aiokafka-0.10.0-7a69cc13-31fa-49b1-bce1-eea9bbcf5ce3, groupInstanceId=None, clientId=aiokafka-0.10.0, clientHost=/192.168.117.162, sessionTimeoutMs=10000, rebalanceTimeoutMs=10000, supportedProtocols=List(roundrobin)) in group market-data-persistence with generation 451. (kafka.coordinator.group.GroupMetadata$)
[2026-05-29 20:22:20,305] INFO Loaded member MemberMetadata(memberId=aiokafka-0.10.0-f2552b2b-e9a3-423b-872b-7c58b8c2521d, groupInstanceId=None, clientId=aiokafka-0.10.0, clientHost=/192.168.117.162, sessionTimeoutMs=10000, rebalanceTimeoutMs=10000, supportedProtocols=List(roundrobin)) in group market-data-persistence with generation 453. (kafka.coordinator.group.GroupMetadata$)
[2026-05-29 20:22:20,305] INFO Loaded member MemberMetadata(memberId=aiokafka-0.10.0-4df44abb-d53d-474a-9f2d-660090f00846, groupInstanceId=None, clientId=aiokafka-0.10.0, clientHost=/192.168.117.162, sessionTimeoutMs=10000, rebalanceTimeoutMs=10000, supportedProtocols=List(roundrobin)) in group market-data-persistence with generation 455. (kafka.coordinator.group.GroupMetadata$)
[2026-05-29 20:22:20,305] INFO Loaded member MemberMetadata(memberId=aiokafka-0.10.0-0202ab89-4a35-4f3f-88ae-74b122e3c41b, groupInstanceId=None, clientId=aiokafka-0.10.0, clientHost=/192.168.117.162, sessionTimeoutMs=10000, rebalanceTimeoutMs=10000, supportedProtocols=List(roundrobin)) in group market-data-persistence with generation 457. (kafka.coordinator.group.GroupMetadata$)
[2026-05-29 20:22:20,305] INFO Loaded member MemberMetadata(memberId=aiokafka-0.10.0-e76cf80e-e458-4c92-afe2-bc2288b51851, groupInstanceId=None, clientId=aiokafka-0.10.0, clientHost=/192.168.117.162, sessionTimeoutMs=10000, rebalanceTimeoutMs=10000, supportedProtocols=List(roundrobin)) in group market-data-persistence with generation 459. (kafka.coordinator.group.GroupMetadata$)
[2026-05-29 20:22:20,306] INFO Loaded member MemberMetadata(memberId=aiokafka-0.10.0-9db7a09d-935b-4f3e-b992-41068f329a88, groupInstanceId=None, clientId=aiokafka-0.10.0, clientHost=/192.168.117.162, sessionTimeoutMs=10000, rebalanceTimeoutMs=10000, supportedProtocols=List(roundrobin)) in group market-data-persistence with generation 461. (kafka.coordinator.group.GroupMetadata$)
[2026-05-29 20:22:20,306] INFO Loaded member MemberMetadata(memberId=aiokafka-0.10.0-7b95354a-1758-4834-a6ad-c39ff429e2d8, groupInstanceId=None, clientId=aiokafka-0.10.0, clientHost=/192.168.117.162, sessionTimeoutMs=10000, rebalanceTimeoutMs=10000, supportedProtocols=List(roundrobin)) in group market-data-persistence with generation 463. (kafka.coordinator.group.GroupMetadata$)
[2026-05-29 20:22:20,306] INFO Loaded member MemberMetadata(memberId=aiokafka-0.10.0-34f0f57b-e7c8-4892-b8e9-d1ec84360235, groupInstanceId=None, clientId=aiokafka-0.10.0, clientHost=/192.168.117.162, sessionTimeoutMs=10000, rebalanceTimeoutMs=10000, supportedProtocols=List(roundrobin)) in group market-data-persistence with generation 465. (kafka.coordinator.group.GroupMetadata$)
[2026-05-29 20:22:20,307] INFO Loaded member MemberMetadata(memberId=aiokafka-0.10.0-723c17fc-50f0-4933-ba8e-4eb995cbd2a2, groupInstanceId=None, clientId=aiokafka-0.10.0, clientHost=/192.168.117.162, sessionTimeoutMs=10000, rebalanceTimeoutMs=10000, supportedProtocols=List(roundrobin)) in group market-data-persistence with generation 467. (kafka.coordinator.group.GroupMetadata$)
[2026-05-29 20:22:20,307] INFO Loaded member MemberMetadata(memberId=aiokafka-0.10.0-a5b6d2b6-0e5a-43e3-a2d3-d0b57a33984b, groupInstanceId=None, clientId=aiokafka-0.10.0, clientHost=/192.168.117.162, sessionTimeoutMs=10000, rebalanceTimeoutMs=10000, supportedProtocols=List(roundrobin)) in group market-data-persistence with generation 469. (kafka.coordinator.group.GroupMetadata$)
[2026-05-29 20:22:20,307] INFO Loaded member MemberMetadata(memberId=aiokafka-0.10.0-c31c6fc2-e556-4a79-a6f7-29afcee3c89d, groupInstanceId=None, clientId=aiokafka-0.10.0, clientHost=/192.168.117.162, sessionTimeoutMs=10000, rebalanceTimeoutMs=10000, supportedProtocols=List(roundrobin)) in group market-data-persistence with generation 471. (kafka.coordinator.group.GroupMetadata$)
[2026-05-29 20:22:20,307] INFO Loaded member MemberMetadata(memberId=aiokafka-0.10.0-9acf4e89-d70a-44f9-b676-e84776dcec93, groupInstanceId=None, clientId=aiokafka-0.10.0, clientHost=/192.168.117.162, sessionTimeoutMs=10000, rebalanceTimeoutMs=10000, supportedProtocols=List(roundrobin)) in group market-data-persistence with generation 473. (kafka.coordinator.group.GroupMetadata$)
[2026-05-29 20:22:20,307] INFO Loaded member MemberMetadata(memberId=aiokafka-0.10.0-873a8b3a-b666-411d-9752-3cf0a4b57f6a, groupInstanceId=None, clientId=aiokafka-0.10.0, clientHost=/192.168.117.162, sessionTimeoutMs=10000, rebalanceTimeoutMs=10000, supportedProtocols=List(roundrobin)) in group market-data-persistence with generation 475. (kafka.coordinator.group.GroupMetadata$)
[2026-05-29 20:22:20,308] INFO [GroupCoordinator 0]: Loading group metadata for market-data-persistence with generation 476 (kafka.coordinator.group.GroupCoordinator)
[2026-05-29 20:22:20,308] INFO [GroupMetadataManager brokerId=0] Finished loading offsets and group metadata from __consumer_offsets-39 in 1081 milliseconds for epoch 26, of which 853 milliseconds was spent in the scheduler. (kafka.coordinator.group.GroupMetadataManager)
[2026-05-29 20:22:20,308] INFO [GroupMetadataManager brokerId=0] Finished loading offsets and group metadata from __consumer_offsets-6 in 1081 milliseconds for epoch 26, of which 1081 milliseconds was spent in the scheduler. (kafka.coordinator.group.GroupMetadataManager)
[2026-05-29 20:22:20,309] INFO [GroupMetadataManager brokerId=0] Finished loading offsets and group metadata from __consumer_offsets-35 in 1082 milliseconds for epoch 26, of which 1082 milliseconds was spent in the scheduler. (kafka.coordinator.group.GroupMetadataManager)
[2026-05-29 20:22:20,309] INFO [GroupMetadataManager brokerId=0] Finished loading offsets and group metadata from __consumer_offsets-2 in 1081 milliseconds for epoch 26, of which 1081 milliseconds was spent in the scheduler. (kafka.coordinator.group.GroupMetadataManager)
[2026-05-29 20:22:44,345] INFO [GroupCoordinator 0]: Dynamic member with unknown member id joins group market-data-persistence in Empty state. Created a new member id aiokafka-0.10.0-10bec451-5c84-4c36-8fe8-e1871cc294c9 and request the member to rejoin with this id. (kafka.coordinator.group.GroupCoordinator)
[2026-05-29 20:22:44,350] INFO [GroupCoordinator 0]: Preparing to rebalance group market-data-persistence in state PreparingRebalance with old generation 476 (__consumer_offsets-39) (reason: Adding new member aiokafka-0.10.0-10bec451-5c84-4c36-8fe8-e1871cc294c9 with group instance id None; client reason: not provided) (kafka.coordinator.group.GroupCoordinator)
[2026-05-29 20:22:47,355] INFO [GroupCoordinator 0]: Stabilized group market-data-persistence generation 477 (__consumer_offsets-39) with 1 members (kafka.coordinator.group.GroupCoordinator)
[2026-05-29 20:22:47,360] INFO [GroupCoordinator 0]: Assignment received from leader aiokafka-0.10.0-10bec451-5c84-4c36-8fe8-e1871cc294c9 for group market-data-persistence for generation 477. The group has 1 members, 0 of which are static. (kafka.coordinator.group.GroupCoordinator)
[2026-05-29 20:22:47,425] INFO [GroupCoordinator 0]: Preparing to rebalance group market-data-persistence in state PreparingRebalance with old generation 477 (__consumer_offsets-39) (reason: Removing member aiokafka-0.10.0-10bec451-5c84-4c36-8fe8-e1871cc294c9 on LeaveGroup; client reason: not provided) (kafka.coordinator.group.GroupCoordinator)
[2026-05-29 20:22:47,426] INFO [GroupCoordinator 0]: Group market-data-persistence with generation 478 is now empty (__consumer_offsets-39) (kafka.coordinator.group.GroupCoordinator)
[2026-05-29 20:22:47,427] INFO [GroupCoordinator 0]: Member MemberMetadata(memberId=aiokafka-0.10.0-10bec451-5c84-4c36-8fe8-e1871cc294c9, groupInstanceId=None, clientId=aiokafka-0.10.0, clientHost=/192.168.117.162, sessionTimeoutMs=10000, rebalanceTimeoutMs=10000, supportedProtocols=List(roundrobin)) has left group market-data-persistence through explicit `LeaveGroup`; client reason: not provided (kafka.coordinator.group.GroupCoordinator)
